"","File_Name","Child_ID","Child_Age","Start_Time","End_Time","Child_C","Child_X","Child_R","Child_L","Child_C_X","Adult_Lyrical_N","Adult_Lyrical_U","Adult_Lyrical_T","Adult_NonLyrical_N","Adult_NonLyrical_U","Adult_NonLyrical_T","Adult_NoMusic_N","Adult_NoMusic_U","Adult_NoMusic_T","Child_C_log","Child_X_log","Child_R_log","Child_L_log","Child_C_X_log","Adult_Lyrical_N_log","Adult_Lyrical_U_log","Adult_Lyrical_T_log","Adult_NonLyrical_N_log","Adult_NonLyrical_U_log","Adult_NonLyrical_T_log","Adult_NoMusic_N_log","Adult_NoMusic_U_log","Adult_NoMusic_T_log","Child_C_count","Child_X_count","Child_R_count","Child_L_count","Child_C_X_count","Adult_Lyrical_N_count","Adult_Lyrical_U_count","Adult_Lyrical_T_count","Adult_NonLyrical_N_count","Adult_NonLyrical_U_count","Adult_NonLyrical_T_count","Adult_NoMusic_N_count","Adult_NoMusic_U_count","Adult_NoMusic_T_count"
"1","0009_000302",9,3,5159,5459,0,5.563,0,0,5.563,0,0,0,2.169,0,0,15.945,0,3.226,0,1.88144781549159,0,0,1.88144781549159,0,0,0,1.15341608070878,0,0,2.82997280505901,0,1.44125591919386,0,9,0,0,9,0,0,0,1,0,0,19,0,3
"2","0009_000302",9,3,8759,9059,0,15.11,0,0,15.11,0,0,0,0,0,0,11.4,1.28,1.99,0,2.77944019718888,0,0,2.77944019718888,0,0,0,0,0,0,2.51769647261099,0.824175442966349,1.0952733874026,0,46,0,0,46,0,0,0,0,0,0,10,3,3
"3","0009_000302",9,3,12059,12359,0.62,65.85,36.33,5.08,66.47,0,0,0,3.29,0,0,1.862,0,71.479,0.482426149244293,4.20245130354795,3.61979729292649,1.80500469597808,4.21168305463933,0,0,0,1.45628673293993,0,0,1.05152068113426,0,4.28329686473005,1,53,24,4,54,0,0,0,1,0,0,2,0,58
"4","0009_000609",9,6,4354,4654,0.542,41.841,0,0,42.383,0,0,0,0,0,0,7.384,0.759,3.624,0.433080275141138,3.75749558797751,0,0,3.77006765930076,0,0,0,0,0,0,2.12632512757869,0.564745465755421,1.53126013137008,2,113,0,0,115,0,0,0,0,0,0,8,1,5
"5","0009_000609",9,6,15754,16054,0,22.796,0,4.575,22.796,0,0,0,0,0,1.77,0.882,2.288,32.551,0,3.16951749932566,0,1.71829231734618,3.16951749932566,0,0,0,0,0,1.01884732019925,0.632335041163188,1.19027947719393,3.51306666923281,0,42,0,8,42,0,0,0,0,0,1,1,3,27
"6","0009_000609",9,6,35254,35554,0,29.42,36.77,3.54,29.42,0,0,0,0,0,0,41.6,0,68.15,0,3.41510028683115,3.63151513672437,1.51292701205326,3.41510028683115,0,0,0,0,0,0,3.75185425327532,0,4.23627805811077,0,37,19,5,37,0,0,0,0,0,0,25,0,43
"7","0009_000901",9,9,10106,10406,1.41,22.618,0,0,24.028,0,0,0,0,0,0,53.95,1.133,16.841,0.879626747502564,3.16200913317909,0,0,3.21999519813612,0,0,0,0,0,0,4.00642368084963,0.757529439489213,2.88149917939257,2,31,0,0,33,0,0,0,0,0,0,44,1,18
"8","0009_000901",9,9,12506,12806,5.553,13.192,0,2.935,18.745,0,0,0,0,0,0,17.632,5,58.741,1.87992296005736,2.65267842556722,0,1.36991088186937,2.98290029473861,0,0,0,0,0,0,2.92488053258204,1.79175946922805,4.09001855185108,7,19,0,5,26,0,0,0,0,0,0,16,3,39
"9","0009_000901",9,9,15206,15506,16.357,8.607,0.52,0,24.964,0,0,0,0,0,0,21.099,15.522,16.79,2.85399588323874,2.2624919994276,0.418710334858185,0,3.25671096317122,0,0,0,0,0,0,3.09553235863117,2.80469282614031,2.87863650167774,12,19,1,0,31,0,0,0,0,0,0,10,14,10
"10","0009_010603",9,18,7580,7880,20.553,30.141,0,1.437,50.694,0,0,0,0,0,0,16.585,0,5.4,3.07051501799768,3.43852527892813,0,0.890767774643069,3.94534172062097,0,0,0,0,0,0,2.86704626592595,0,1.85629799036563,12,52,0,2,64,0,0,0,0,0,0,12,0,3
"11","0009_010603",9,18,11180,11480,25.71,15.871,0,0,41.581,0,0,0,0,0,0,11.04,0,24.351,3.28503802712187,2.82559617162384,0,0,3.75140814439388,0,0,0,0,0,0,2.48823443988068,0,3.23281817699091,41,32,0,0,73,0,0,0,0,0,0,9,0,33
"12","0009_010603",9,18,32480,32780,20.01,28.708,0,0,48.718,0,0,0,0,0,0,37.373,0,15.884,3.04499851485691,3.39141636980705,0,0,3.90636704057199,0,0,0,0,0,0,3.64735408728537,0,2.82636642792025,29,54,0,0,83,0,0,0,0,0,0,30,0,16
"13","0014_000301",14,3,10943,11123,0.538,32.118,0,0,32.656,0,0,0,0,0,0,0,0,0,0.430482871083452,3.50007694122029,0,0,3.51619134628822,0,0,0,0,0,0,0,0,0,1,72,0,0,73,0,0,0,0,0,0,0,0,0
"14","0014_000301",14,3,28343,28643,1.005,42.831,0,0,43.836,0,0,0,0,0,0,17.167,0,2.604,0.695644060758532,3.78034132959368,0,0,3.80301138815885,0,0,0,0,0,0,2.89960676145661,0,1.28204433974609,1,70,0,0,71,0,0,0,0,0,0,16,0,3
"15","0014_000301",14,3,37343,37643,0,49.812,0,0,49.812,0,0,0,0,0,0,11.395,0,5.01,0,3.92813254716121,0,0,3.92813254716121,0,0,0,0,0,0,2.51729316548715,0,1.79342474854712,0,82,0,0,82,0,0,0,0,0,0,12,0,10
"16","0014_000602",14,6,15100,15400,0.5,97.351,64.126,0,97.851,0,0,0,0,0,0,14.235,0,24.421,0.405465108108164,4.58854271255155,4.17632385504201,0,4.59361366590334,0,0,0,0,0,0,2.72359541243767,0,3.23557560409061,1,175,46,0,176,0,0,0,0,0,0,10,0,27
"17","0014_000602",14,6,29177,29477,0.9,38.582,2.389,0,39.482,0,0,0,0,0,0,39.798,0,31.844,0.641853886172395,3.67837446946879,1.22053489262491,0,3.70085743087334,0,0,0,0,0,0,3.70863306060077,0,3.49176907984654,2,58,1,0,60,0,0,0,0,0,0,26,0,39
"18","0014_000602",14,6,32477,32777,0.653,86.848,0,0,87.501,0,0,0,0,0,0,9.169,0,6.149,0.502591818838887,4.47560804829541,0,0,4.48301385138507,0,0,0,0,0,0,2.319343876809,0,1.96697248678471,1,171,0,0,172,0,0,0,0,0,0,11,0,9
"19","0014_000903",14,9,11410,11710,0,13.45,0,0,13.45,0,0,44.76,0,0,7.69,4.59,0.97,20.25,0,2.67069441455844,0,0,2.67069441455844,0,0,3.82341034707154,0,0,2.1621729392773,1.72097928716701,0.678033542749897,3.05635689537043,0,18,0,0,18,0,0,11,0,0,7,3,1,22
"20","0014_000903",14,9,23710,24010,3.49,69.48,0,0,72.97,0,0,0,0,0,0,4.55,0,0,1.50185270175416,4.25532898162792,0,0,4.30365960559978,0,0,0,0,0,0,1.71379792775834,0,0,4,149,0,0,153,0,0,0,0,0,0,3,0,0
"21","0014_000903",14,9,28810,29110,0.43,41.17,47.91,0,41.6,0,0,0,0,0,0,1.52,0,6.62,0.357674444271816,3.74170906775847,3.88998187455127,0,3.75185425327532,0,0,0,0,0,0,0.924258901523332,0,2.03077636969855,1,60,38,0,61,0,0,0,0,0,0,1,0,5
"22","0014_010600",14,18,20166,20466,15.875,15.62,0,0,31.495,0,0,0,0,0,0,1.969,0,0,2.82583323675859,2.8106067894273,0,0,3.48108623134631,0,0,0,0,0,0,1.08822519578162,0,0,25,24,0,0,49,0,0,0,0,0,0,2,0,0
"23","0014_010600",14,18,33066,33366,32.205,41.799,0,0,74.004,0,0,0,0,0,0,8.916,0,11.678,3.50270046699268,3.75651473782882,0,0,4.31754144544747,0,0,0,0,0,0,2.29414961417294,0,2.53986820786197,33,42,0,0,75,0,0,0,0,0,0,9,0,14
"24","0014_010600",14,18,39066,39366,2.695,138.319,9.953,0,141.014,0,0,0,0,0,0,0,0,0,1.30698055440017,4.93676626775168,2.39361339134161,0,4.95592564429073,0,0,0,0,0,0,0,0,0,1,164,4,0,165,0,0,0,0,0,0,0,0,0
"25","0039_000308",39,3,29750,30050,0,8.575,0,0,8.575,0,0,0,0,0,0,100.948,0,2.031,0,2.25915553506671,0,0,2.25915553506671,0,0,0,0,0,0,4.6244628793685,0,1.10889259807567,0,15,0,0,15,0,0,0,0,0,0,92,0,2
"26","0039_000308",39,3,31250,31550,0,17.04,4.761,0,17.04,0,0,0,0,0,0,42.645,1.039,6.861,0,2.89259151463448,1.75111107075025,0,2.89259151463448,0,0,0,0,0,0,3.77608872818731,0.712459491592318,2.06191382481162,0,16,1,0,16,0,0,0,0,0,0,34,1,5
"27","0039_000308",39,3,33650,33950,0,68.517,40.644,0,68.517,0,0,0,0,0,0,3.363,0,4.429,0,4.24157132697653,3.72915730061251,0,4.24157132697653,0,0,0,0,0,0,1.47315989414147,0,1.69175495492331,0,162,46,0,162,0,0,0,0,0,0,4,0,6
"28","0039_000604",39,6,2703,3003,0,115.983,0,0,115.983,0,0,0,0,0,0,0,0,0,0,4.76202862509551,0,0,4.76202862509551,0,0,0,0,0,0,0,0,0,0,122,0,0,122,0,0,0,0,0,0,0,0,0
"29","0039_000604",39,6,26403,26703,0,159.403,0,0,159.403,0,0,0,0,0,0,146.714,0,0,0,5.07768939849941,0,0,5.07768939849941,0,0,0,0,0,0,4.99527797177521,0,0,0,120,0,0,120,0,0,0,0,0,0,85,0,0
"30","0039_000604",39,6,35403,35703,2.208,117.47,0,0,119.678,0,0,0,0,0,0,23.77,0,2.705,1.16564769000427,4.77465976396667,0,0,4.79312584139914,0,0,0,0,0,0,3.20963324350127,0,1.30968325874805,2,108,0,0,110,0,0,0,0,0,0,20,0,2
"31","0039_000904",39,9,6678,6978,8.16,131.6,0,0,139.76,0,0,0,0,0,0,8.35,0.5,0,2.21484617868604,4.88733707775176,0,0,4.94705631245338,0,0,0,0,0,0,2.2353763433006,0.405465108108164,0,6,59,0,0,65,0,0,0,0,0,0,6,1,0
"32","0039_000904",39,9,11478,11778,29.299,77.859,0,0,107.158,0,0,0,0,0,0,0,0,0,3.41111470867037,4.36766144766911,0,0,4.68359312099943,0,0,0,0,0,0,0,0,0,13,54,0,0,67,0,0,0,0,0,0,0,0,0
"33","0039_000904",39,9,33078,33378,2.558,40.297,0,0,42.855,0,0,0,0,0,0,46.681,0,10.364,1.26919858924364,3.72078985810345,0,0,3.78088873740335,0,0,0,0,0,0,3.86453299569152,0,2.43045046399194,1,41,0,0,42,0,0,0,0,0,0,26,0,10
"34","0039_010604",39,18,7006,7306,41.883,16.127,0,0,58.01,0,0,0,0,0,0,37.863,0,10.858,3.75847547700184,2.84065616565023,0,0,4.07770692106908,0,0,0,0,0,0,3.66004264117538,0,2.47300274528518,49,23,0,0,72,0,0,0,0,0,0,25,0,9
"35","0039_010604",39,18,9406,9706,41.421,23.817,0,0,65.238,0,0,0,0,0,0,0.837,0,0,3.74764352264463,3.21152890220515,0,0,4.19325431638446,0,0,0,0,0,0,0.608133806232989,0,0,42,24,0,0,66,0,0,0,0,0,0,1,0,0
"36","0039_010604",39,18,29806,30106,30.668,83.036,0,0,113.704,0,0,0,0,0,0,22.579,0,0,3.45530670730919,4.43124527846138,0,0,4.74235489711052,0,0,0,0,0,0,3.16035648538891,0,0,25,53,0,0,78,0,0,0,0,0,0,24,0,0
"37","0054_000304",54,3,6625,6925,0.508,95.14,38.879,0,95.648,0,0,0,0,0,0,0,0,0,0.410784269585764,4.56580546246582,3.68584986955357,0,4.57107551221726,0,0,0,0,0,0,0,0,0,1,124,17,0,125,0,0,0,0,0,0,0,0,0
"38","0054_000304",54,3,7825,8125,0,61.756,0,0,61.756,0,0,0,0,0,0,0,0,0,0,4.13925419097071,0,0,4.13925419097071,0,0,0,0,0,0,0,0,0,0,82,0,0,82,0,0,0,0,0,0,0,0,0
"39","0054_000304",54,3,16225,16525,1.885,92.142,0.475,0,94.027,0,0,0,0,0,0,0,0,0,1.05952489996006,4.53412521037501,0.388657989791783,0,4.5541610617467,0,0,0,0,0,0,0,0,0,2,102,1,0,104,0,0,0,0,0,0,0,0,0
"40","0054_000603",54,6,6625,6925,0,0,0,0,0,0,0,0,0,0,0,0,0,0,0,0,0,0,0,0,0,0,0,0,0,0,0,0,0,0,0,0,0,0,0,0,0,0,0,0,0,0
"41","0054_000603",54,6,14197,14497,5.468,91.622,0,0,97.09,0,0,0,0,0,0,69.451,0,0,1.86686694171486,4.52852669442776,0,0,4.58588542457622,0,0,0,0,0,0,4.25491743270811,0,0,8,83,0,0,91,0,0,0,0,0,0,46,0,0
"42","0054_000603",54,6,16225,16525,0,0,0,0,0,0,0,0,0,0,0,0,0,0,0,0,0,0,0,0,0,0,0,0,0,0,0,0,0,0,0,0,0,0,0,0,0,0,0,0,0,0
"43","0054_000902",54,9,11387,11687,0.552,70.814,44.864,0.59,71.366,0,0,0,0,0,0,17.545,0,28.315,0.439544421761027,4.27407944311929,3.82568049560608,0.46373401623214,4.28173657582916,0,0,0,0,0,0,2.92020021094155,0,3.37809933041618,1,59,19,1,60,0,0,0,0,0,0,11,0,22
"44","0054_000902",54,9,38087,38387,0,7.61,36.825,0,7.61,11.78,0,133.507,0,0,0,28.09,1.74,12.27,0,2.15292431843964,3.63297025967442,0,2.15292431843964,2.54788144894939,0,4.90161624229729,0,0,0,3.37039447250711,1.00795792039998,2.58550584834412,0,7,14,0,7,3,0,30,0,0,0,17,1,6
"45","0054_010617",54,18,22325,22625,0,16.124,212.653,0,16.124,0,0,0,0,0,0,0,0,0,0,2.8404809882827,5.36435320364837,0,2.8404809882827,0,0,0,0,0,0,0,0,0,0,18,82,0,18,0,0,0,0,0,0,0,0,0
"46","0054_010617",54,18,40325,40625,17.996,18.526,3.237,0,36.522,0,0,0,0,0,0,11.276,0,2.457,2.94422843068688,2.97174691080348,1.44385547164442,0,3.62492742762142,0,0,0,0,0,0,2.50764613675749,0,1.24040116093949,17,28,3,0,45,0,0,0,0,0,0,9,0,2
"47","0056_000305a",56,3,1501,1801,5.18,44.752,0.45,0,49.932,0,0,0,0,0,0,0,0.778,11.053,1.8213182714696,3.82323550661302,0.371563556432483,0,3.93049140971119,0,0,0,0,0,0,0,0.575489137091713,2.48931359160621,4,55,1,0,59,0,0,0,0,0,0,0,1,15
"48","0056_000305b",56,3,23700,24000,0,62.147,0,0,62.147,0,0,0,0,0,0,0,0,0,0,4.14546534172981,0,0,4.14546534172981,0,0,0,0,0,0,0,0,0,0,137,0,0,137,0,0,0,0,0,0,0,0,0
"49","0056_000305b",56,3,29400,29700,0,4.805,0,0,4.805,0,0,0,0,0,106.944,2.517,0,3.124,0,1.75871961514985,0,0,1.75871961514985,0,0,0,0,0,4.68161257412849,1.25760835349185,0,1.41682356615471,0,12,0,0,12,0,0,0,0,0,43,3,0,1
"50","0056_000609",56,6,28409,28709,17.644,22.397,0.248,0,40.041,0,0,0,0,0,0,0,0,35.258,2.92552437851049,3.15260780901647,0.221542269947236,0,3.71457156703739,0,0,0,0,0,0,0,0,3.59066004660748,26,29,1,0,55,0,0,0,0,0,0,0,0,47
"51","0056_000609",56,6,41909,42209,35.676,12.41,24.059,0,48.086,0,0,0,0,0,0,18.656,3.022,32.136,3.60212259018765,2.59600069729359,3.22123304444188,0,3.89357386175962,0,0,0,0,0,0,2.97838263521888,1.39177929135046,3.50062030465323,36,24,16,0,60,0,0,0,0,0,0,13,2,25
"52","0056_000609",56,6,45809,46109,8.181,29.63,4.659,0,37.811,0,0,0,0,0,5.331,33.681,0,65.877,2.21713613116156,3.42197992084468,1.73324719816039,0,3.65870371160387,0,0,0,0,0,1.84545820156199,3.54619198656006,0,4.20285511131103,10,45,9,0,55,0,0,0,0,0,3,35,0,58
"53","0056_000903",56,9,39195,39495,1.825,33.394,0,0,35.219,3.021,0,0,0,0,7.373,6.851,0,10.662,1.0385083645984,3.53788213056201,0,0,3.58958384301836,1.39153062791514,0,0,0,0,2.1250122432223,2.06064091221612,0,2.45633569279996,4,42,0,0,46,2,0,0,0,0,3,6,0,11
"54","0056_000903",56,9,41295,41595,1.495,21.269,8.885,9.358,22.764,0,0,0,0,0,0,21.338,1.59,56.594,0.914288729203482,3.10319557680352,2.29101845662258,2.3377591680017,3.16817183049349,0,0,0,0,0,0,3.10628926411863,0.951657875711446,4.05341839560945,1,28,8,6,29,0,0,0,0,0,0,24,2,49
"55","0056_000903",56,9,45495,45795,0,30.418,0,11.896,30.418,11.785,0,24.149,1.221,0,0,31.564,0,12.448,0,3.44738097707775,0,2.55691718576427,3.44738097707775,2.54827260874315,0,3.22481813432383,0.79795754491229,0,0,3.48320738371173,0,2.59883039610631,0,46,0,9,46,7,0,20,1,0,0,26,0,8
"56","0056_010602",56,18,8848,9148,16.99,43.614,0,5.827,60.604,0,0,0,0,0,0,5.822,0,33.609,2.88981604796244,3.79804771111459,0,1.92088533843614,4.12072680349622,0,0,0,0,0,0,1.92015268399645,0,3.54411376384642,21,61,0,5,82,0,0,0,0,0,0,5,0,34
"57","0056_010602",56,18,12148,12448,31.133,34.601,0,0,65.734,0,0,0,0,0,0,3.402,3.168,13.167,3.4698835394506,3.57237372735111,0,0,4.2007145681731,0,0,0,0,0,0,1.48205898310427,1.42743630445107,2.65091531639721,27,34,0,0,61,0,0,0,0,0,0,6,4,21
"58","0056_010602",56,18,13648,13948,58.523,19.899,0,0,78.422,0,0,6.79,0,0,2.026,41.356,2.695,27.282,4.08636279248044,3.03970131093611,0,0,4.37477540795969,0,0,2.05284085988266,0,0,1.10724161536616,3.74611008756821,1.30698055440017,3.34222555988558,56,27,0,0,83,0,0,3,0,0,1,22,3,22
"59","0099_000307",99,3,11218,11518,0,10.657,9.394,0,10.657,0,0,0,0,0,0,24.378,0,14.666,0,2.4559068579377,2.34122871658625,0,2.4559068579377,0,0,0,0,0,0,3.23388265697472,0,2.75149275894505,0,9,4,0,9,0,0,0,0,0,0,21,0,10
"60","0099_000902",99,9,15715,16015,2.27,43.515,2.15,4.07,45.785,0,0,0,0,0,0,6.2,0,17.56,1.18478998490916,3.79582621102563,1.14740245283754,1.62334081760309,3.84556263872788,0,0,0,0,0,0,1.97408102602201,0,2.92100872735805,1,61,1,5,62,0,0,0,0,0,0,6,0,15
"61","0109_000300",109,3,880,1180,5.428,42.654,0,0,48.082,0,0,0,0,0,0,0,0,0.425,1.86066344787527,3.77629491611689,0,0,3.89349236880871,0,0,0,0,0,0,0,0,0.354171813720614,5,47,0,0,52,0,0,0,0,0,0,0,0,1
"62","0109_000300",109,3,26080,26380,0,13.196,0,0.696,13.196,0,0,26.77,0,0,0,17.398,2.048,90.792,0,2.65296023478425,0,0.528272537369711,2.65296023478425,0,0,3.32395630131871,0,0,0,2.91224196305497,1.1144856378244,4.51952514785952,0,22,0,2,22,0,0,11,0,0,0,17,1,70
"63","0109_000300",109,3,29680,29980,4.476,74.639,4.575,0,79.115,0,0,0,0,0,0,6.48,2.432,7.954,1.7003749074262,4.32597202318462,1.71829231734618,0,4.38346310245984,0,0,0,0,0,0,2.01223279198639,1.23314318162572,2.19210035981877,5,82,4,0,87,0,0,0,0,0,0,8,2,8
"64","0109_000607",109,6,1102,1402,0,21.531,0,0.41,21.531,0,0,0,0,0,0.9,37.658,0,36.416,0,3.11489213872325,0,0.343589704390077,3.11489213872325,0,0,0,0,0,0.641853886172395,3.65475373938456,0,3.62209842042359,0,38,0,1,38,0,0,0,0,0,1,31,0,43
"65","0109_000607",109,6,25102,25402,0,82.988,0,6.576,82.988,0,0,0,0,0,0,170.54,0.784,39.301,0,4.4306739314954,0,2.02498535588378,4.4306739314954,0,0,0,0,0,0,5.14481647556228,0.578858034157818,3.69637628254056,0,101,0,9,101,0,0,0,0,0,0,107,1,30
"66","0109_000607",109,6,29002,29302,3.694,28.339,0,0,32.033,0,0,25.973,0,0,0,1.771,0,34.213,1.54628509742883,3.37891768897107,0,0,3.49750706179956,0,0,3.29483636567075,0,0,0,1.01920826588084,0,3.5614153326047,3,36,0,0,39,0,0,11,0,0,0,2,0,35
"67","0109_000907",109,9,4904,5204,3.701,43.939,12.123,1.727,47.64,0,0,0,0,0,2.287,12.251,0,48.467,1.54777525204199,3.8053060146182,2.57436641591415,1.00320210386345,3.88444623765791,0,0,0,0,0,1.18997529468208,2.5840730212825,0,3.90130578058694,2,29,4,1,31,0,0,0,0,0,2,10,0,47
"68","0109_000907",109,9,8804,9104,14.397,56.176,0,0,70.573,0,0,0,0,0,0,0.731,0,10.468,2.73417268524778,4.04613422991768,0,0,4.27071790787634,0,0,0,0,0,0,0.548699276194072,0,2.43956054802112,19,49,0,0,68,0,0,0,0,0,0,1,0,7
"69","0109_000907",109,9,27104,27404,8.206,35.505,10.759,0.763,43.711,0,0,0,0,0,0,2.842,0,36.892,2.21985544539505,3.59744923750805,2.46461890484128,0.567016903415733,3.80021955635676,0,0,0,0,0,0,1.34599306434636,0,3.63474000801329,5,37,3,1,42,0,0,0,0,0,0,3,0,38
"70","0109_010606",109,18,1417,1717,37.536,18.527,0,4.868,56.063,0,0,0,0,0,0,0,0,0,3.65159286932792,2.97179812325836,0,1.76951386028074,4.04415592063881,0,0,0,0,0,0,0,0,0,40,24,0,5,64,0,0,0,0,0,0,0,0,0
"71","0109_010606",109,18,11017,11317,27.632,39.527,3.905,4.639,67.159,0,0,0,0,0,0,0,0,0,3.35452497346372,3.70196841865565,1.59025509301733,1.72970674482504,4.22184321105193,0,0,0,0,0,0,0,0,0,27,43,2,3,70,0,0,0,0,0,0,0,0,0
"72","0109_010606",109,18,18217,18517,20.68,46.291,2,0.46,66.971,0,0,0,0,0,0,0,0,0,3.07639017657145,3.8563200025519,1.09861228866811,0.378436435720245,4.21908114362343,0,0,0,0,0,0,0,0,0,22,38,1,1,60,0,0,0,0,0,0,0,0,0
"73","0130_000305",130,3,21372,21672,0.55,12.69,3.87,0,13.24,0,0,0,0,0,0,2.74,6.27,23.24,0.438254930931155,2.61666563930036,1.5830939370945,0,2.65605490598383,0,0,0,0,0,0,1.31908561142644,1.98375629154543,3.18800416120111,1,22,5,0,23,0,0,0,0,0,0,3,6,22
"74","0149_000306",149,3,8535,8835,0,8.86,2.945,0,8.86,0,0,0,0,0,0,4.955,0,36.59,0,2.28848616861454,1.37244895429784,0,2.28848616861454,0,0,0,0,0,0,1.78423120280726,0,3.62673805757609,0,15,5,0,15,0,0,0,0,0,0,4,0,46
"75","0149_000306",149,3,31035,31335,0,0.44,0,0,0.44,1.11,0,0,0,0,0,0,0,2,0,0.364643113587909,0,0,0.364643113587909,0.746687947487975,0,0,0,0,0,0,0,1.09861228866811,0,1,0,0,1,1,0,0,0,0,0,0,0,2
"76","0149_000606",149,6,296,596,9.771,34.504,0,0,44.275,0,0,0,0,0,0,27.747,3.864,20.988,2.37685733736863,3.56964536619024,0,0,3.81275500376948,0,0,0,0,0,0,3.35853341397266,1.58186114466387,3.09049684999841,9,44,0,0,53,0,0,0,0,0,0,22,1,17
"77","0149_000606",149,6,4196,4496,0,21.465,7.276,0,21.465,0,0,0,0,0,0,12.706,11.468,64.692,0,3.11195854252212,2.1133597598833,0,3.11195854252212,0,0,0,0,0,0,2.61783369316363,2.52316536190509,4.18497715247531,0,25,7,0,25,0,0,0,0,0,0,12,11,32
"78","0149_000606",149,6,27596,27896,0.577,22.735,12.018,0,23.312,1.916,0,0,0,0,0,17.446,0.327,14.241,0.455524307980901,3.16695075200328,2.5663330151502,0,3.19097005561449,1.07021281414641,0,0,0,0,0,2.91484754481353,0.28292075535007,2.72398916490371,1,28,10,0,29,1,0,0,0,0,0,26,1,17
"79","0193_000309",193,3,1975,2275,22.497,24.321,0,0,46.818,0,0,0,0,0,0,35.852,0,29.981,3.15687275342647,3.23163409096686,0,0,3.86740213765074,0,0,0,0,0,0,3.60690989124669,0,3.43337411335738,15,45,0,0,60,0,0,0,0,0,0,30,0,26
"80","0193_000309",193,3,11875,12175,0.945,22.485,0,0,23.43,0,0,0,0,0,0,0,0,37.204,0.66526197707041,3.15636191947896,0,0,3.19581188526965,0,0,0,0,0,0,0,0,3.64294022217249,1,44,0,0,45,0,0,0,0,0,0,0,0,26
"81","0193_000309",193,3,21775,22075,1.874,34.518,0,0,36.392,0,0,0,0,0,0,8.898,0,129.107,1.05570478765683,3.5700396102324,0,0,3.6214567777965,0,0,0,0,0,0,2.29233271652969,0,4.8683571888366,2,55,0,0,57,0,0,0,0,0,0,3,0,74
"82","0193_000606",193,6,12533,12833,8.753,34.769,0,3.084,43.522,0,0,0,0,0,0,20.099,0,55.433,2.27757492998988,3.5770815964921,0,1.40707690030242,3.79598344902814,0,0,0,0,0,0,3.04922564599399,0,4.03305409377899,6,33,0,1,39,0,0,0,0,0,0,17,0,50
"83","0193_000606",193,6,21833,22133,1.048,38.04,0,0,39.088,0,0,0,0,0,0,12.098,0,52.206,0.716863707177261,3.66458676154489,0,0,3.69107703765742,0,0,0,0,0,0,2.57245954679586,0,3.97417117194308,1,54,0,0,55,0,0,0,0,0,0,10,0,39
"84","0193_000606",193,6,34133,34433,4.311,54.148,0,0,58.459,0,0,0,0,0,0,71.344,3.542,38.108,1.66978014144026,4.01002048030938,0,0,4.0852869993996,0,0,0,0,0,0,4.28143251943818,1.51336744368337,3.66632704964342,3,50,0,0,53,0,0,0,0,0,0,69,1,28
"85","0193_000900",193,9,6137,6437,0,22.745,0,1.322,22.745,0,0,0,0,0,0,3.561,0,31.182,0,3.16737198200109,0,0.8424288832757,3.16737198200109,0,0,0,0,0,0,1.51754189772956,0,3.47140729003696,0,45,0,4,45,0,0,0,0,0,0,2,0,36
"86","0193_000900",193,9,33437,33737,0,32.739,0.27,0,32.739,0,0,0,0,0,0,3.216,0,9.24,0,3.51865443826722,0.2390169004705,0,3.51865443826722,0,0,0,0,0,0,1.43888681123906,0,2.32630161961136,0,30,1,0,30,0,0,0,0,0,0,2,0,8
"87","0193_000900",193,9,40637,40937,1.451,15.9,10.335,1.099,17.351,0,0,0,0,0,0,24.975,0,52.518,0.896496104545976,2.82731362192903,2.42789528395949,0.741461040838496,2.90968406892854,0,0,0,0,0,0,3.25713453698529,0,3.98001804591395,2,23,5,4,25,0,0,0,0,0,0,24,0,47
"88","0193_010605b",193,18,660,960,33.547,33.741,0,0,67.288,0,0,0,0,0,0,7.806,2.021,0,3.5423207157635,3.54792054566062,0,0,4.22373405567929,0,0,0,0,0,0,2.17543330733356,1.10558790240453,0,38,39,0,0,77,0,0,0,0,0,0,7,2,0
"89","0193_010605b",193,18,13860,14160,14.397,25.984,9.218,2.606,40.381,0,0,0,0,0,0,49.048,1.34,13.796,2.73417268524778,3.29524409775935,2.32415087090861,1.28259912478113,3.72282183828929,0,0,0,0,0,0,3.91298254492285,0.85015092936961,2.69435687397021,15,44,5,9,59,0,0,0,0,0,0,37,1,13
"90","0193_010605b",193,18,19560,19860,12.229,24.133,0,0.858,36.362,0,0,0,0,0,0,104.69,5.996,3.932,2.58241138948024,3.22418172365838,0,0.619500640391647,3.62065414511837,0,0,0,0,0,0,4.66051028102126,1.94533855715636,1.5957445853021,12,32,0,1,44,0,0,0,0,0,0,81,3,4
"91","0205_000302",205,3,13831,14131,0,31.246,6.811,0,31.246,0,0,0,0,0,0,113.335,0.626,16.093,0,3.47339400454155,2.05553299662816,0,3.47339400454155,0,0,0,0,0,0,4.73913273565106,0.486123011125619,2.83866902297413,0,86,7,0,86,0,0,0,0,0,0,81,2,19
"92","0205_000302",205,3,24631,24931,0,15.81,53.8,0,15.81,0,0,0,0,0,0,25.468,21.65,25.196,0,2.82197394742052,4.00369019395397,0,2.82197394742052,0,0,0,0,0,0,3.27593645614981,3.12015985192904,3.26560672735581,0,42,24,0,42,0,0,0,0,0,0,21,22,25
"93","0205_000302",205,3,27631,27931,0,4.592,0,0,4.592,0,0,40.088,0,0,0,136.964,0,11.36,0,1.72133700493151,0,0,1.72133700493151,0,0,3.7157161080675,0,0,0,4.9269927815596,0,2.51446545202954,0,13,0,0,13,0,0,17,0,0,0,65,0,10
"94","0205_000602",205,6,10284,10584,0,102.528,0,0,102.528,0,0,0,0,0,0,4.509,3.09,1.855,0,4.63984210751937,0,0,4.63984210751937,0,0,0,0,0,0,1.70638311849058,1.40854497005471,1.04907184310797,0,41,0,0,41,0,0,0,0,0,0,3,2,2
"95","0205_000602",205,6,30084,30384,0,134.095,0,0,134.095,0,0,0,0,0,0,2.44,0,1.18,0,4.90597823465878,0,0,4.90597823465878,0,0,0,0,0,0,1.23547147138531,0,0.779324876800997,0,79,0,0,79,0,0,0,0,0,0,2,0,2
"96","0205_000602",205,6,36084,36384,6.05,65.695,0,0,71.745,0,0,0,0,0,0.942,1.318,0,2.992,1.95302761682418,4.20012998759301,0,0,4.28696017516735,0,0,0,0,0,0.663718369869133,0.84070474491756,0,1.38429235844922,6,99,0,0,105,0,0,0,0,0,1,2,0,4
"97","0205_000901",205,9,1504,1804,12.415,38.11,4.395,0,50.525,0,0,0,0,0,0,1.725,0.955,29.82,2.59637348387759,3.66637818876742,1.6854725987101,0,3.94206712677652,0,0,0,0,0,0,1.00246842811521,0.670390193437329,3.42816382989197,14,60,3,0,74,0,0,0,0,0,0,1,2,57
"98","0205_000901",205,9,3604,3904,27.328,33.653,0,0,60.981,0,0,0,0,0,0,2.763,0,9.82,3.3438507148096,3.54538430197465,0,0,4.1268278864663,0,0,0,0,0,0,1.3252165116113,0,2.38139627341834,23,46,0,0,69,0,0,0,0,0,0,3,0,12
"99","0205_000901",205,9,25204,25504,11.246,75.064,0,2.246,86.31,0,0,0,0,0,0,0,0,0,2.50519935305576,4.33157509117778,0,1.1774234690924,4.46946500382272,0,0,0,0,0,0,0,0,0,23,105,0,2,128,0,0,0,0,0,0,0,0,0
"100","0205_010601",205,18,15821,16121,53.658,36.88,0,0,90.538,0,0,0,0,0,0,28.559,0,14.953,4.00109559000247,3.63442326831788,0,0,4.51675418661452,0,0,0,0,0,0,3.38638826600845,0,2.76964689931886,52,21,0,0,73,0,0,0,0,0,0,26,0,19
"101","0205_010601",205,18,31721,32021,78.143,7.021,0,1.264,85.164,0,0,0,0,0,0,0,0,69.659,4.37125634274449,2.08206310238479,0,0.817133160340937,4.45625245702585,0,0,0,0,0,0,0,0,4.25786548955234,61,11,0,2,72,0,0,0,0,0,0,0,0,79
"102","0205_010601",205,18,39821,40121,80.55,32.467,0,1.135,113.017,0,0,0,0,0,0,2.895,0.584,8.659,4.40121632906702,3.51055987869928,0,0.758466646680588,4.73634756008381,0,0,0,0,0,0,1.35969367932271,0.459953293392234,2.26789012319716,60,32,0,2,92,0,0,0,0,0,0,4,1,8
"103","0223_000226",223,3,11203,11503,6.27,33.07,2.07,0,39.34,0,0,0,0,0,0,0,0,2.28,1.98375629154543,3.52841723167288,1.12167756159911,0,3.69734353252607,0,0,0,0,0,0,0,0,1.18784342239605,4,35,1,0,39,0,0,0,0,0,0,0,0,1
"104","0223_000226",223,3,13303,13603,1.98,30.443,79.8,0,32.423,0,0,0,0,0,0,0,0,5.29,1.09192330051731,3.44817638285615,4.39197696552705,0,3.50924428574529,0,0,0,0,0,0,0,0,1.83896107071235,3,55,74,0,58,0,0,0,0,0,0,0,0,10
"105","0223_000226",223,3,19303,19603,5.336,35.194,0,0,40.53,0,0,0,0,0,0,0,0,39.58,1.84624765451212,3.58889335923801,0,0,3.72641605764266,0,0,0,0,0,0,0,0,3.70327533439767,4,36,0,0,40,0,0,0,0,0,0,0,0,48
"106","0223_000600",223,6,2905,3205,0,56.788,0,2.4,56.788,0,0,0,0,0,0,0.995,3.106,30.665,0,4.05678114166713,0,1.22377543162212,4.05678114166713,0,0,0,0,0,0,0.690644050341827,1.41244931859674,3.45521196996839,0,43,0,2,43,0,0,0,0,0,0,1,2,30
"107","0223_000600",223,6,14605,14905,29.577,63.52,0,0,93.097,0,0,0,0,0,0,0,0,50.724,3.42024809235296,4.16697525325701,0,0,4.54432616510544,0,0,0,0,0,0,0,0,3.94592189043361,24,61,0,0,85,0,0,0,0,0,0,0,0,61
"108","0223_000600",223,6,22405,22705,15.751,50.221,0,0,65.972,0,0,0,0,0,0,0,0,54.206,2.81845795798155,3.93614960420438,0,0,4.2042746215943,0,0,0,0,0,0,0,0,4.01107164302828,13,40,0,0,53,0,0,0,0,0,0,0,0,46
"109","0223_000905",223,9,326,626,18.813,12.255,0,0,31.068,0,0,0,0,0,0,0.731,0,23.266,2.98633828791212,2.58437483974099,0,0,3.46785864818071,0,0,0,0,0,0,0.548699276194072,0,3.18907619362968,24,21,0,0,45,0,0,0,0,0,0,1,0,21
"110","0223_000905",223,9,35126,35426,1.48,13.934,0,0,15.414,0,0,0,0,0,0,25.153,4.48,4.609,0.908258560176891,2.70364049261351,0,0,2.79813462920752,0,0,0,0,0,0,3.26396390668413,1.70110510095992,1.7243724505262,2,20,0,0,22,0,0,0,0,0,0,21,2,8
"111","0223_000905",223,9,39026,39326,0,3.595,6.278,0,3.595,0,0,4.965,0,0,7.112,0.858,1.783,82.826,0,1.52496875580765,1.98485609918997,0,1.52496875580765,0,0,1.78590905554988,0,0,2.09334444684883,0.619500640391647,1.02352948254375,4.42874322189641,0,6,6,0,6,0,0,2,0,0,4,1,2,41
"112","0223_010609",223,18,2676,2976,4.616,35.643,0,24.151,40.259,0,0,0,0,0,0,94.591,0.537,49.364,1.72561966672351,3.60122241418339,0,3.22489765718669,3.71986927080068,0,0,0,0,0,0,4.56007867336628,0.429832464556459,3.91927663413945,5,36,0,14,41,0,0,0,0,0,0,68,1,36
"113","0223_010609",223,18,22176,22476,8.583,14.798,0,0.537,23.381,0,0,0,0,0,0,132.71,0.879,29.096,2.25999069536162,2.75988334974223,0,0.429832464556459,3.19380414043918,0,0,0,0,0,0,4.89567327562657,0.630739720431328,3.40439227255867,12,27,0,1,39,0,0,0,0,0,0,80,1,22
"114","0223_010609",223,18,25776,26076,19.48,6,0,0,25.48,0,0,0,1.61,0,0,23.32,1.46,13.88,3.01944880017131,1.94591014905531,0,0,3.27638973106881,0,0,0,0.959350221334602,0,0,3.19129905709797,0.900161349944271,2.70001802940495,32,8,0,0,40,0,0,0,1,0,0,17,2,9
"115","0225_000301a",225,3,3170,3470,8.815,46.779,0,0,55.594,0,0,0,0,0,0,73.052,0,10.707,2.28391182772842,3.86658621241954,0,0,4.03590297252285,0,0,0,0,0,0,4.30476754912693,0,2.46018695349754,10,68,0,0,78,0,0,0,0,0,0,61,0,11
"116","0225_000301b",225,3,11400,11700,5.36,94.679,2.414,0,100.039,0,0,0,0,0,0,28.089,1.827,1.041,1.85002837735203,4.56099883864269,1.22788462437225,0,4.61550658092279,0,0,0,0,0,0,3.37036009584199,1.03921607871145,0.713439883827708,3,98,3,0,101,0,0,0,0,0,0,20,2,1
"117","0225_000301b",225,3,25500,25800,26.551,33.37,13.31,0.662,59.921,0,0,0,0,0,0,20.673,0,10.718,3.31603883258083,3.53718409086174,2.66095859356836,0.508021696433256,4.10957794286269,0,0,0,0,0,0,3.07606724620626,0,2.4611261211226,19,74,6,2,93,0,0,0,0,0,0,24,0,10
"118","0225_000301b",225,3,27900,28200,5.857,40.28,0,0,46.137,0,0,0,0,0,0,29.581,0,14.008,1.92527002830223,3.72037812117331,0,0,3.85305825526224,0,0,0,0,0,0,3.42037890107808,0,2.70858339226387,7,60,0,0,67,0,0,0,0,0,0,21,0,17
"119","0225_000602",225,6,4708,5008,6.474,74.982,85.571,0.561,81.456,0,0,0,0,0,0,0,0,0,2.01143033106329,4.33049647012955,4.4609648865067,0.445326641533295,4.41226481773449,0,0,0,0,0,0,0,0,0,3,42,10,1,45,0,0,0,0,0,0,0,0,0
"120","0225_000602",225,6,33508,33808,0,55.004,97.698,0,55.004,0,0,0,0,0,0,0,0,0,0,4.02542311675568,4.59206468280961,0,4.02542311675568,0,0,0,0,0,0,0,0,0,0,55,50,0,55,0,0,0,0,0,0,0,0,0
"121","0225_000602",225,6,40108,40408,1.241,71.547,37.417,0,72.788,0,0,0,0,0,0,0,0,0,0.80692219481879,4.28423462768267,3.64850006996059,0,4.30119611675933,0,0,0,0,0,0,0,0,0,2,91,12,0,93,0,0,0,0,0,0,0,0,0
"122","0225_000901",225,9,2588,2888,1.44,36.921,74.139,0,38.361,0,0,0,0,0,0,46.734,0.736,5.285,0.89199803930511,3.63550504834712,4.31933973156645,0,3.67277547836538,0,0,0,0,0,0,3.86564393224135,0.551583616238158,1.83816584204221,1,28,22,0,29,0,0,0,0,0,0,36,1,5
"123","0225_000901",225,9,14588,14888,0,45.483,165.477,0,45.483,0,0,0,0,0,0,0,0,0,0,3.83908665435063,5.11485716174041,0,3.83908665435063,0,0,0,0,0,0,0,0,0,0,37,71,0,37,0,0,0,0,0,0,0,0,0
"124","0225_000901",225,9,21992,22292,0,18.183,14.744,0,18.183,0,0,0,0,0,0,117.895,0,7.716,0,2.9540244701542,2.7564593403099,0,2.9540244701542,0,0,0,0,0,0,4.77824075066786,0,2.16516041708237,0,18,7,0,18,0,0,0,0,0,0,75,0,4
"125","0225_010601",225,18,24796,25096,4.774,16.236,28.425,19.797,21.01,0,0,0,0,0,0,26.141,0,15.406,1.75336508124074,2.84700021975359,3.38184465314634,3.03480874553578,3.09149689553837,0,0,0,0,0,0,3.30104549971171,0,2.79764712158056,2,15,15,6,17,0,0,0,0,0,0,14,0,15
"126","0225_010601",225,18,33796,34096,8.43,38.344,19.422,0,46.774,0,0,0,0,0,0,10.45,0.44,8.096,2.24389609664537,3.67234348547384,3.01661275113335,0,3.86648155845777,0,0,0,0,0,0,2.43798973000025,0.364643113587909,2.20783475644823,6,29,12,0,35,0,0,0,0,0,0,11,1,7
"127","0225_010601",225,18,36196,36496,4.203,36.525,1.901,0,40.728,0,0,0,0,0,0,33.347,0,5.429,1.64923538230817,3.62500737751953,1.06505550513927,0,3.73117236630419,0,0,0,0,0,0,3.53651467860978,0,1.86081900515955,3,37,1,0,40,0,0,0,0,0,0,23,0,6
"128","0236_000305",236,3,3496,3796,1.055,52.937,25.94,0,53.992,0,0,0,0,0,0,0,0,50.345,0.720275847948198,3.98781669881227,3.29361217098222,0,4.00718772010748,0,0,0,0,0,0,0,0,3.93856756065026,1,69,7,0,70,0,0,0,0,0,0,0,0,37
"129","0236_000305",236,3,7096,7396,0,50.625,12.449,0,50.625,0,0,0,0,0,0,8.048,0,33.675,0,3.9440060512812,2.59890475384141,0,3.9440060512812,0,0,0,0,0,0,2.20254373881382,0,3.54601896620089,0,86,9,0,86,0,0,0,0,0,0,7,0,23
"130","0236_000305",236,3,15496,15796,1.52,48.17,12.49,0,49.69,0,0,0,0,0,0,0,0.23,41.11,0.924258901523332,3.89528368142385,2.60194867021966,0,3.92572865248426,0,0,0,0,0,0,0,0.207014169384326,3.74028524217384,3,92,11,0,95,0,0,0,0,0,0,0,1,37
"131","0236_000604",236,6,18173,18473,0.686,44.067,0,0,44.753,0,0,0,0,0,0,36.592,1.33,64.317,0.522358859579664,3.8081502713631,0,0,3.82325736334216,0,0,0,0,0,0,3.62679126180051,0.845868267577609,4.1792523393072,1,61,0,0,62,0,0,0,0,0,0,28,2,44
"132","0236_000604",236,6,23573,23873,0,20.1,0.699,0,20.1,0,0,0,0,0,0,70.352,0,19.574,0,3.04927304048202,0.530039842689795,0,3.04927304048202,0,0,0,0,0,0,4.26762537436391,0,3.02402814270884,0,35,2,0,35,0,0,0,0,0,0,58,0,18
"133","0236_000604",236,6,35873,36173,0,42.635,121.565,0,42.635,0,0,0,0,0,0,60.249,5.666,55.765,0,3.77585958061527,4.80864150150478,0,3.77585958061527,0,0,0,0,0,0,4.11494752276095,1.89701997988555,4.0389199386165,0,57,51,0,57,0,0,0,0,0,0,46,6,51
"134","0236_000904",236,9,15954,16254,8.84,57.77,0,0,66.61,0,0,0,0,0,0,0.715,0,70.555,2.28645571106416,4.07363152062456,0,0,4.21375590110259,0,0,0,0,0,0,0.539413080617903,0,4.27046638476284,5,86,0,0,91,0,0,0,0,0,0,1,0,49
"135","0236_000904",236,9,20454,20754,0,73.971,0,0,73.971,0,0,0,0,0,0,1.913,3.214,109.091,0,4.31710137209481,0,0,4.31710137209481,0,0,0,0,0,0,1.0691834779773,1.438412315382,4.70130729651821,0,96,0,0,96,0,0,0,0,0,0,1,3,83
"136","0236_000904",236,9,24054,24354,18.88,54.93,4.18,0,73.81,0,0,0,0,0,0,8,0.15,52.41,2.98971420122843,4.0241009088335,1.64480505627139,0,4.31495156588431,0,0,0,0,0,0,2.19722457733622,0.139761942375159,3.97799799435168,11,66,6,0,77,0,0,0,0,0,0,6,1,46
"137","0236_010600",236,18,2790,3090,6.673,31.256,0,0.465,37.929,0,0,0,0,0,0,4.277,0.859,95.221,2.03770767319553,3.4737040724489,0,0.381855242469031,3.6617394741617,0,0,0,0,0,0,1.66335775442353,0.620038708739307,4.56664762906702,8,33,0,1,41,0,0,0,0,0,0,6,1,77
"138","0236_010600",236,18,31880,32180,15.393,13.647,37.09,0.324,29.04,0,0,0,0,0,0,77.543,1.495,35.006,2.79685441444432,2.68423553633617,3.63995178049051,0.280657457514817,3.40252982689593,0,0,0,0,0,0,4.36364624551739,0.914288729203482,3.58368559123543,12,13,20,1,25,0,0,0,0,0,0,59,2,31
"139","0236_010600",236,18,40580,40880,54.076,41.864,0.517,0.488,95.94,0,0,0,0,0,5.978,106.341,0,17.643,4.00871404958213,3.75803231280225,0.416734700366395,0.3974329364109,4.57409223041723,0,0,0,0,0,1.94276234276458,4.67601068289683,0,2.92547074051332,38,40,1,1,78,0,0,0,0,0,3,86,0,16
"140","0274_000221",274,3,14193,14493,2.756,72.811,11.618,0,75.567,0,0,0,0,0,0,0,0,0,1.32335456134602,4.30150777198987,2.53512436594862,0,4.33816617452204,0,0,0,0,0,0,0,0,0,5,156,25,0,161,0,0,0,0,0,0,0,0,0
"141","0274_000221",274,3,16293,16593,0.581,64.719,0,0,65.3,0,0,0,0,0,0,4.696,0,42.435,0.458057558227335,4.18538807698513,0,0,4.19418989719182,0,0,0,0,0,0,1.73976417410967,0,3.77126556771188,2,108,0,0,110,0,0,0,0,0,0,7,0,50
"142","0274_000221",274,3,27993,28293,7.428,66.098,13.439,0,73.526,0,0,0,0,0,0,55.547,0.987,31.442,2.13155949594194,4.20615423727411,2.66993287898908,0,4.31114805779011,0,0,0,0,0,0,4.03507215075703,0.68662596356968,3.47945387962792,7,76,17,0,83,0,0,0,0,0,0,47,3,39
"143","0274_000605",274,6,6596,6896,1.985,42.639,0,7.639,44.624,0,0,0,0,0,0,0.744,2.177,25.888,1.09359974684457,3.77595124594522,0,2.15628683537675,3.82043389385424,0,0,0,0,0,0,0.556181325486788,1.15593735528738,3.2916800904228,3,80,0,12,83,0,0,0,0,0,0,1,1,25
"144","0274_000605",274,6,8996,9296,9.964,117.549,0,0,127.513,0,0,0,0,0,0,0,0,0,2.39461717844054,4.77532637721645,0,0,4.85603006653338,0,0,0,0,0,0,0,0,0,5,74,0,0,79,0,0,0,0,0,0,0,0,0
"145","0274_000605",274,6,25196,25496,0,40.993,2.331,0,40.993,0,0,0,0,0,0,26.783,1.607,0,0,3.73750293772627,1.20327255921154,0,3.73750293772627,0,0,0,0,0,0,3.32442432285624,0.958200134951365,0,0,38,1,0,38,0,0,0,0,0,0,21,1,0
"146","0274_000911",274,9,17349,17649,0,9.915,0,14.501,9.915,0,0,21.238,0,0,11.114,33.327,0,35.265,0,2.39013799000191,0,2.74090453797316,2.39013799000191,0,0,3.10180253728106,0,0,2.49436180855876,3.53593221652616,0,3.59085308881538,0,18,0,18,18,0,0,10,0,0,4,28,0,42
"147","0274_000911",274,9,30549,30849,10.248,47.288,0,4.026,57.536,0,0,0,0,0,0,0.595,0,0,2.42019033506831,3.87718308258544,0,1.6146244391214,4.06964194958173,0,0,0,0,0,0,0.466873736236808,0,0,6,45,0,4,51,0,0,0,0,0,0,1,0,0
"148","0274_000911",274,9,32949,33249,16.401,51.403,0,0.93,67.804,0,0,0,0,0,0,13.278,0,0,2.85652767583344,3.95896384159657,0,0.657520002916794,4.23126188278414,0,0,0,0,0,0,2.65871989108027,0,0,13,43,0,2,56,0,0,0,0,0,0,9,0,0
"149","0274_010611",274,18,10446,10746,1.441,26.256,0,17.126,27.697,0,0,0,0,0,0,16.478,5.729,6.136,0.892407791410823,3.30527368035867,0,2.89734737163259,3.35679258768525,0,0,0,0,0,0,2.86094294720535,1.90642654420618,1.96515239527771,2,21,0,6,23,0,0,0,0,0,0,15,5,5
"150","0274_010611",274,18,28746,29046,3.446,12.513,0,0,15.959,0,0,0,0,0,0,26.024,0.403,25.19,1.492004815542,2.60365218505595,0,0,2.83079866636126,0,0,0,0,0,0,3.29672536006544,0.338612801120324,3.26537765851962,4,22,0,0,26,0,0,0,0,0,0,27,1,31
"151","0274_010611",274,18,32346,32646,1.856,53.487,0,0,55.343,0,0,0,0,0,2.586,11.969,0,0,1.04942204447734,3.9979621411058,0,0,4.03145800916691,0,0,0,0,0,1.27703737518294,2.5625618943536,0,0,3,33,0,0,36,0,0,0,0,0,1,17,0,0
"152","0275_000307a",275,3,10778,11078,3.369,54.913,0,0,58.282,0,0,0,0,0,0,77.246,0,0,1.4745341499693,4.02379691126314,0,0,4.08230571861034,0,0,0,0,0,0,4.35985770990282,0,0,4,74,0,0,78,0,0,0,0,0,0,66,0,0
"153","0275_000307a",275,3,12578,12878,0,67.834,7.747,4.201,67.834,0,0,0,0,0,0,31.066,0,0,0,4.2316978089161,2.16871078443772,1.64885091479094,4.2316978089161,0,0,0,0,0,0,3.46779627876665,0,0,0,64,5,5,64,0,0,0,0,0,0,29,0,0
"154","0275_000307a",275,3,20978,21278,0,69.168,0,0,69.168,0,0,0,0,0,0,31.354,2.01,0,0,4.25089236664908,0,0,4.25089236664908,0,0,0,0,0,0,3.4767376609075,1.10194007876078,0,0,112,0,0,112,0,0,0,0,0,0,21,2,0
"155","0275_000606",275,6,2219,2519,0,11.661,42.23,0,11.661,0,0,45.22,0,0,35.258,0.683,0,39.212,0,2.53852640253812,3.76653469867954,0,2.53852640253812,0,0,3.83341260484623,0,0,3.59066004660748,0.520577915208669,0,3.69416545854317,0,19,22,0,19,0,0,25,0,0,20,1,0,34
"156","0275_000606",275,6,16619,16919,0,4.999,0,0,4.999,0,0,0,0,0,0,8.113,2.289,0,0,1.79159278867096,0,0,1.79159278867096,0,0,0,0,0,0,2.20970196551399,1.19058356720692,0,0,7,0,0,7,0,0,0,0,0,0,12,1,0
"157","0275_000606",275,6,28319,28619,2.029,7.202,0,0,9.231,125.448,0,18.995,0,0,0,19.972,0.883,17.371,1.1082325320451,2.10437802696987,0,0,2.3254223268968,4.83983115646262,0,2.99548224229878,0,0,0,3.04318821471029,0.632866249675015,2.9107733343268,2,11,0,0,13,41,0,10,0,0,0,19,1,8
"158","0275_000908",275,9,16373,16673,0.547,17.144,7.796,0,17.691,2.253,0,0,0,0,0,8.812,3.542,2.616,0.436317571590929,2.89833992754534,2.17429707269251,0,2.92804212458404,1.17957764749121,0,0,0,0,0,2.28360612639624,1.51336744368337,1.28536844252993,1,15,4,0,16,2,0,0,0,0,0,14,3,5
"159","0275_000908",275,9,27473,27773,0,10.092,73.385,0,10.092,0,0,10.968,0,0,0,38.436,1.173,13.436,0,2.40622412775353,4.30925430860921,0,2.40622412775353,0,0,2.48223642123212,0,0,0,3.67467910471279,0.776108701274293,2.66972508678054,0,14,35,0,14,0,0,4,0,0,0,31,2,9
"160","0275_000908",275,9,28973,29273,0,11.723,94.278,0,11.723,0,0,0,0,0,0,35.424,2.385,12.108,0,2.54341137916056,4.55679893406267,0,2.54341137916056,0,0,0,0,0,0,3.59522789803248,1.21935390636424,2.57322273083657,0,16,27,0,16,0,0,0,0,0,0,26,2,6
"161","0275_010606",275,18,15181,15481,17.923,12.322,0,0,30.245,0,0,0,0,0,0,5.121,0,0,2.94037811342191,2.58941680399099,0,0,3.44185936338104,0,0,0,0,0,0,1.81172548186893,0,0,19,21,0,0,40,0,0,0,0,0,0,8,0,0
"162","0275_010606",275,18,17881,18181,15.6,27.557,0,1.1,43.157,0,0,0,0,0,0,3.832,0,3.744,2.8094026953625,3.35190208993728,0,0.741937344729377,3.78775146487856,0,0,0,0,0,0,1.57526046063251,0,1.55688066169542,13,29,0,1,42,0,0,0,0,0,0,5,0,2
"163","0275_010606",275,18,42481,42781,12.259,5.431,0,0,17.69,0,0,0,0,0,0,62.996,0,6.8,2.58467656713258,1.86113004715273,0,0,2.92798862146747,0,0,0,0,0,0,4.15882058140647,0,2.05412373369555,10,5,0,0,15,0,0,0,0,0,0,55,0,6
"164","0300_000310",300,3,9664,9964,0,15.397,81.631,0,15.397,0,0,0,0,0,0,0.674,0,0,0,2.79709839126773,4.41438491278194,0,2.79709839126773,0,0,0,0,0,0,0.515215972067284,0,0,0,37,49,0,37,0,0,0,0,0,0,1,0,0
"165","0300_000310",300,3,22564,22864,0,17.13,0,0,17.13,0,0,0,0,0,0,7.8,0,3.3,0,2.89756802476676,0,0,2.89756802476676,0,0,0,0,0,0,2.17475172148416,0,1.45861502269952,0,28,0,0,28,0,0,0,0,0,0,11,0,3
"166","0300_000310",300,3,25264,25564,0.49,23.991,0,0,24.481,0,0,0,0,0,0,2.443,0,0,0.398776119957368,3.21851576005264,0,0,3.23793307640166,0,0,0,0,0,0,1.23634318435639,0,0,1,57,0,0,58,0,0,0,0,0,0,3,0,0
"167","0300_000906",300,9,7823,8123,24.98,23.437,1.661,0,48.417,0,0,0,0,0,0,112.652,0.6,46.615,3.25732701124245,3.19609837717821,0.978701991995552,0,3.90029449454954,0,0,0,0,0,0,4.73314114803196,0.470003629245736,3.86314783764601,25,28,3,0,53,0,0,0,0,0,0,92,1,32
"168","0300_000906",300,9,35723,36023,9.208,24.091,0,0,33.299,0,0,0,0,0,0,0,0,29.274,2.32317172660243,3.22250921610062,0,0,3.53511619922794,0,0,0,0,0,0,0,0,3.41028925834037,38,70,0,0,108,0,0,0,0,0,0,0,0,22
"169","0300_000906",300,9,38723,39023,15.663,46.982,71.984,0,62.645,0,0,0,0,0,0,0.711,0,36.726,2.81319069255649,3.87082594057781,4.29024023904317,0,4.1533207673224,0,0,0,0,0,0,0.537077994910056,0,3.63034951192353,11,64,48,0,75,0,0,0,0,0,0,1,0,25
"170","0300_010605",300,18,1784,2084,1.733,3.865,0,0,5.598,0,0,0,0,0,0,85.636,4.346,28.424,1.00539990694593,1.58206671563797,0,0,1.88676657280639,0,0,0,0,0,0,4.46171543357525,1.67634861771673,3.38181066786197,2,8,0,0,10,0,0,0,0,0,0,59,5,31
"171","0300_010605",300,18,3584,3884,0,2.863,0,0,2.863,0,0,0,0,0,0,76.93,0,35.924,0,1.35144408368414,0,0,1.35144408368414,0,0,0,0,0,0,4.35581098785547,0,3.6088617461279,0,4,0,0,4,0,0,0,0,0,0,62,0,24
"172","0300_010605",300,18,36584,36884,3.714,10.742,0,0.5,14.456,0,0,0,0,0,0,52.323,0,64.305,1.55053680451394,2.46317215764199,0,0.405465108108164,2.73799727747016,0,0,0,0,0,0,3.97636775779376,0,4.17906860302948,3,9,0,1,12,0,0,0,0,0,0,36,0,54
"173","0340_000301",340,3,1716,2016,0,25.651,0.733,0,25.651,0,0,0,0,0,0,26.764,2.322,2.212,0,3.28282667336002,0.549854010733469,0,3.28282667336002,0,0,0,0,0,0,3.32374021747734,1.2005670111911,1.16689379608452,0,55,1,0,55,0,0,0,0,0,0,21,2,4
"174","0340_000301",340,3,30816,31116,1.754,9.542,1.727,1.107,11.296,0,0,0,0,0,0,120.591,0,12.59,1.01305440030646,2.35536727843302,1.00320210386345,0.745265134822052,2.50927400623629,0,0,0,0,0,0,4.80066295363506,0,2.60933422816305,3,17,1,1,20,0,0,0,0,0,0,84,0,13
"175","0340_000301",340,3,38016,38316,1.54,23.749,0,0,25.289,1.59,0,0,0,0,0,55.742,0,0,0.932164081030445,3.20878508415803,0,0,3.26915060074182,0.951657875711446,0,0,0,0,0,4.03851467726143,0,0,2,42,0,0,44,1,0,0,0,0,0,41,0,0
"176","0340_000601",340,6,16784,17084,2.942,81.346,0.286,0,84.288,0,0,0,0,0,0,0,0,10.799,1.37168820873053,4.41092988228061,0.251536625815428,0,4.44603376464817,0,0,0,0,0,0,0,0,2.46801478211778,3,54,1,0,57,0,0,0,0,0,0,0,0,8
"177","0340_000601",340,6,28184,28484,15.303,94.829,1.671,1.835,110.132,0,0,0,0,0,0,0,0,0,2.79134913995752,4.56256535315565,0.982452934127824,1.04204193717972,4.71071868397613,0,0,0,0,0,0,0,0,0,6,47,1,1,53,0,0,0,0,0,0,0,0,0
"178","0340_000601",340,6,34184,34484,22.51,85.616,0.8,0,108.126,0,0,0,0,0,0,41.75,1.06,1.36,3.15742586255198,4.4614845560086,0.587786664902119,0,4.69250317792076,0,0,0,0,0,0,3.75536919538277,0.72270598280149,0.858661619037519,9,51,1,0,60,0,0,0,0,0,0,20,2,1
"179","0340_000908",340,9,2839,3139,0.857,23.855,0,0.998,24.712,0,0,0,0,0,0,81.82,0,17.181,0.618962282370569,3.21305893954664,0,0.692146680226362,3.24695780899516,0,0,0,0,0,0,4.41666957811742,0,2.90037709273714,2,21,0,2,23,0,0,0,0,0,0,65,0,15
"180","0340_000908",340,9,28639,28939,27.15,24.035,0,0,51.185,0,0,0,0,0,0,31.233,0,0,3.3375473545857,3.22027484578191,0,0,3.95479509727202,0,0,0,0,0,0,3.47299077247603,0,0,17,17,0,0,34,0,0,0,0,0,0,26,0,0
"181","0340_000908",340,9,34939,35239,28.249,81.163,11.129,0,109.412,0,0,0,0,0,0,64.387,0.66,11.771,3.37584538505925,4.40870507907247,2.49559927932674,0,4.70421882358823,0,0,0,0,0,0,4.18032346194602,0.506817602368452,2.54717697551412,9,46,7,0,55,0,0,0,0,0,0,31,1,10
"182","0340_010600",340,18,5038,5338,26.525,27.735,0,0,54.26,0,0,0,0,0,0,14.928,1.333,2.009,3.31509468260874,3.3581158919597,0,0,4.01204931949527,0,0,0,0,0,0,2.7680785667619,0.847154993039293,1.10160779764791,17,47,0,0,64,0,0,0,0,0,0,12,3,3
"183","0340_010600",340,18,23638,23938,21.947,21.467,0,0,43.414,0,0,0,0,0,0,0,0,11.049,3.13318720900784,3.11204756593534,0,0,3.79355473505207,0,0,0,0,0,0,0,0,2.48898166894114,32,32,0,0,64,0,0,0,0,0,0,0,0,19
"184","0340_010600",340,18,30538,30838,16.762,22.067,14.895,0,38.829,0,0,0,0,0,0,0.519,0.826,16.187,2.87706134383631,3.13840302471815,2.76600459436277,0,3.68459529017488,0,0,0,0,0,0,0.418052223613636,0.602127782172777,2.84415328409455,22,47,17,0,69,0,0,0,0,0,0,1,2,21
"185","0344_000300",344,3,11334,11634,10.399,84.227,0,0,94.626,0,0,0,0,0,0,1.096,0,67.192,2.43352563225464,4.44531828504108,0,0,4.56044474960836,0,0,0,0,0,0,0.740030766458796,0,4.22232725591621,7,151,0,0,158,0,0,0,0,0,0,2,0,55
"186","0344_000300",344,3,22398,22698,5.057,89.873,0,0,94.93,0,0,0,0,0,0,31.087,4.184,99.028,1.80121462799881,4.5094629273584,0,0,4.56361875882986,0,0,0,0,0,0,3.46845096368396,1.64557695904997,4.60545014679541,4,132,0,0,136,0,0,0,0,0,0,30,5,82
"187","0344_000300",344,3,24498,24798,0,98.4,22.324,0,98.4,0,0,0,0,0,0,11.36,0,52.292,0,4.59915211366253,3.14948287335991,0,4.59915211366253,0,0,0,0,0,0,2.51446545202954,0,3.97578622609797,0,97,6,0,97,0,0,0,0,0,0,10,0,43
"188","0344_000606",344,6,4502,4802,0,82.532,0,0,82.532,0,0,0,0,0,0,0,0,0,0,4.42522979197453,0,0,4.42522979197453,0,0,0,0,0,0,0,0,0,0,77,0,0,77,0,0,0,0,0,0,0,0,0
"189","0344_000606",344,6,7856,8156,0,37.509,0,0,37.509,0,0,0,0,0,0,52.192,0,87.187,0,3.65089198020844,0,0,3.65089198020844,0,0,0,0,0,0,3.97390800910015,0,4.47945955985918,0,42,0,0,42,0,0,0,0,0,0,41,0,62
"190","0344_000606",344,6,10256,10556,1.227,31.89,0,0,33.117,0,0,0,0,0,0,29.067,6.452,2.016,0.800655388275231,3.49316866020097,0,0,3.52979579378716,0,0,0,0,0,0,3.40342822481351,2.00848245273934,1.10393145014571,2,25,0,0,27,0,0,0,0,0,0,23,9,2
"191","0344_000913",344,9,11027,11327,8.022,60.518,0,0,68.54,0,0,0,0,0,0,0,0,24.997,2.1996660389862,4.11932981491601,0,0,4.24190212657972,0,0,0,0,0,0,0,0,3.25798114674878,6,63,0,0,69,0,0,0,0,0,0,0,0,22
"192","0344_000913",344,9,36527,36827,0.74,27.81,2.1,3.68,28.55,0,0,0,0,0,0,4.4,0,16.14,0.553885113226438,3.36072254909644,1.1314021114911,1.54329810992956,3.38608374385211,0,0,0,0,0,0,1.68639895357023,0,2.84141491316963,1,47,4,4,48,0,0,0,0,0,0,5,0,20
"193","0344_010605",344,18,11701,12001,1.57,16.14,7.26,5.23,17.71,0,0,0,0,0,7.14,24.74,1.85,34.39,0.943905898907128,2.84141491316963,2.11142458753289,1.82937633279936,2.929058140286,0,0,0,0,0,2.09679018001445,3.24804620216798,1.04731899428056,3.56642929435737,3,18,8,8,21,0,0,0,0,0,3,26,2,36
"194","0344_010605",344,18,13801,14101,1.17,13.48,64.48,0,14.65,0,0,0,0,0,0,0,0,0.85,0.774727167552368,2.67276838695757,4.18174475250293,0,2.75047091698616,0,0,0,0,0,0,0,0,0.615185639090233,3,19,24,0,22,0,0,0,0,0,0,0,0,1
"195","0344_010605",344,18,36577,36877,2.009,11.19,1.593,0,13.199,0,0,0,0,0,0,19.09,2.405,33.903,1.10160779764791,2.50061594349318,0.952815506556527,0,2.65317153959222,0,0,0,0,0,0,3.00022217882684,1.22524493960148,3.55257278539943,4,13,2,0,17,0,0,0,0,0,0,16,4,17
"196","0425_000306",425,3,12118,12418,2.23,30.341,2.082,0,32.571,0,0,0,0,0,0,61.09,0,39.506,1.17248213723457,3.44492714452348,1.12557873689792,0,3.51366259904991,0,0,0,0,0,0,4.1285849453768,0,3.70145011128779,5,39,1,0,44,0,0,0,0,0,0,57,0,22
"197","0425_000306",425,3,22918,23218,0.281,10.962,16.728,0,11.243,0,0,0,0,0,0,0,0,78.968,0.247641022914597,2.48173495862237,2.87514531056487,0,2.50495434509178,0,0,0,0,0,0,0,0,4.38162655465254,1,27,9,0,28,0,0,0,0,0,0,0,0,64
"198","0425_000306",425,3,38218,38518,51.624,72.135,8.472,0,123.759,0,0,0,0,0,0,0,0,30.513,3.9631722894467,4.29230704833905,2.24834007814165,0,4.82638387631793,0,0,0,0,0,0,0,0,3.45040015910772,36,114,6,0,150,0,0,0,0,0,0,0,0,27
"199","0425_000606",425,6,5162,5462,29.206,54.63,1.279,0,83.836,0,0,0,0,0,0,3.28,4.124,2.073,3.40804058014415,4.0187226240872,0.823736750263547,0,4.4407199810131,0,0,0,0,0,0,1.45395300959371,1.63393538403449,1.12265428314835,16,109,1,0,125,0,0,0,0,0,0,5,5,2
"200","0425_000606",425,6,20162,20462,0,3.174,0,0,3.174,0,0,0,0,0,0,167.49,1.992,48.234,0,1.42887480865501,0,0,1.42887480865501,0,0,0,0,0,0,5.12687640085029,1.09594206011223,3.89658444173895,0,7,0,0,7,0,0,0,0,0,0,115,3,27
"201","0425_000606",425,6,26162,26462,22.677,79.274,0,0,101.951,0,0,0,0,0,0,58.349,0,0,3.16450411280086,4.38544578271954,0,0,4.63425314687976,0,0,0,0,0,0,4.08343527171406,0,0,16,65,0,0,81,0,0,0,0,0,0,53,0,0
"202","0425_000906a",425,9,925,1225,0,5.093,0,0,5.093,0,0,0,0,0,0,143.248,0,1.852,0,1.80714057126636,0,0,1.80714057126636,0,0,0,0,0,0,4.97153404047407,0,1.04802050255205,0,8,0,0,8,0,0,0,0,0,0,105,0,2
"203","0425_000906b",425,9,3000,3300,0,11.691,3.264,0,11.691,0,0,79.391,0,0,4.065,66.425,0,17.965,0,2.54089308082803,1.45020768686354,0,2.54089308082803,0,0,4.38690222962063,0,0,1.62235413770065,4.21101586902579,0,2.94259517514086,0,23,2,0,23,0,0,26,0,0,3,44,0,13
"204","0425_000906c",425,9,300,600,0,1.987,0,0,1.987,0,0,0,0,0,0,77.949,0.543,3.756,0,1.09426953923397,0,0,1.09426953923397,0,0,0,0,0,0,4.36880207437697,0.433728573381024,1.55940697882854,0,4,0,0,4,0,0,0,0,0,0,41,1,2
"205","0425_010611",425,18,5671,5971,6.615,12.353,72.697,0,18.968,0,0,0,0,0,0,24.857,1.085,66.87,2.03011998634713,2.59174107870183,4.2999620928037,0,2.99413099218702,0,0,0,0,0,0,3.25258135733337,0.734768855250765,4.21759411071567,6,24,28,0,30,0,0,0,0,0,0,18,1,51
"206","0425_010611",425,18,23071,23371,0,9.106,0,0,9.106,0,0,0,0,0,0,211.98,0,15.063,0,2.31312930686972,0,0,2.31312930686972,0,0,0,0,0,0,5.36119826458724,0,2.77651849057563,0,10,0,0,10,0,0,0,0,0,0,85,0,11
"207","0425_010611",425,18,34471,34771,28.979,11.989,0,0,40.968,0,0,0,0,0,0,32.402,0,0,3.40049713654776,2.56410284542515,0,0,3.73690742312452,0,0,0,0,0,0,3.50861577842943,0,0,19,8,0,0,27,0,0,0,0,0,0,28,0,0
"208","0437_000304",437,3,893,1193,4.327,29.593,0,0,33.92,0,0,0,0,0,0,1.878,0,24.25,1.67278822793486,3.42077122461926,0,0,3.5530597309714,0,0,0,0,0,0,1.05709560846518,0,3.22882615572137,5,59,0,0,64,0,0,0,0,0,0,3,0,28
"209","0437_000304",437,3,10443,10743,0,15.151,0,0,15.151,0,0,0,0,0,0,0.395,0,5.057,0,2.78198196725638,0,0,2.78198196725638,0,0,0,0,0,0,0.332894415273329,0,1.80121462799881,0,36,0,0,36,0,0,0,0,0,0,1,0,6
"210","0437_000304",437,3,23643,23943,0,43.42,0,0,43.42,0,0,0,0,0,0,1.81,0,43.373,0,3.79368981846628,0,0,3.79368981846628,0,0,0,0,0,0,1.03318448334565,0,3.79263117635734,0,85,0,0,85,0,0,0,0,0,0,1,0,39
"211","0437_000604",437,6,8725,9025,4.558,49.142,30.682,0,53.7,0,0,0,0,0,0,3.715,0,118.944,1.71523833132031,3.91485898024735,3.45574869626666,0,4.00186370942794,0,0,0,0,0,0,1.55074891608542,0,4.7870249671926,3,44,23,0,47,0,0,0,0,0,0,1,0,82
"212","0437_000604",437,6,18325,18625,18.632,21.955,0,0,40.587,0,0,0,0,0,0,0,0,30.544,2.97716088796856,3.13353577770119,0,0,3.72778761842892,0,0,0,0,0,0,0,0,3.45138339657533,26,31,0,0,57,0,0,0,0,0,0,0,0,18
"213","0437_000604",437,6,33925,34225,0.725,15.052,0,0,15.777,0,0,0,0,0,6.928,7.206,0,81.947,0.545227050483323,2.77583345240467,0,0,2.82000890078826,0,0,0,0,0,2.07040079702769,2.10486559401999,0,4.41820184961715,1,21,0,0,22,0,0,0,0,0,4,9,0,60
"214","0437_000902",437,9,6264,6564,17.181,42.205,1.674,0,59.386,0,0,0,0,0,0,0.873,0,34.804,2.90037709273714,3.76595622929336,0.983575478679751,0,4.10075728999429,0,0,0,0,0,0,0.627541423461951,0,3.57805961900869,17,61,1,0,78,0,0,0,0,0,0,1,0,38
"215","0437_000902",437,9,9564,9864,0.595,6.962,0,0,7.557,0,0,0,0,0,0,60.392,0,153.433,0.466873736236808,2.07468022457813,0,0,2.14674966143592,0,0,0,0,0,0,4.1172795335046,0,5.0397603453235,1,10,0,0,11,0,0,0,0,0,0,34,0,102
"216","0437_000902",437,9,38964,39264,0.263,44.043,3.163,9.241,44.306,0,0,0,0,0,22.631,3.642,0,81.788,0.233489843368354,3.80761758907329,1.42623596821284,2.3263992710933,3.81343947404934,0,0,0,0,0,3.1625594093893,1.53514530785225,0,4.41628312335197,1,52,2,12,53,0,0,0,0,0,9,4,0,75
"217","0437_010603",437,18,6348,6648,35.112,35.479,0,7.515,70.591,0,0,0,0,0,0,5.79,0,69.347,3.58662522007518,3.59673675254971,0,2.14182931411465,4.27096936774188,0,0,0,0,0,0,1.9154509415706,0,4.25344013872788,37,39,0,7,76,0,0,0,0,0,0,5,0,59
"218","0437_010603",437,18,26748,27048,42.919,30.74,0,1.7,73.659,0,0,0,0,0,0,2.56,3.88,29.52,3.78234702827176,3.45757771509826,0,0.993251773010283,4.3129310793437,0,0,0,0,0,0,1.26976054486394,1.58514521986506,3.41838220641626,47,34,0,3,81,0,0,0,0,0,0,4,5,36
"219","0437_010603",437,18,33348,33648,27.141,26.062,0,0,53.203,0,0,0,0,0,0,8.991,0,36.975,3.33722758765753,3.29813052984145,0,0,3.99273625746732,0,0,0,0,0,0,2.30168468775088,0,3.63692804848184,37,41,0,0,78,0,0,0,0,0,0,10,0,35
"220","0441_000312b",441,3,6060,6360,0,2.563,0,0,2.563,0,0,0,0,0,0,37.681,2.93,42.315,0,1.2706028866237,0,0,1.2706028866237,0,0,0,0,0,0,3.65534852340499,1.36863942588117,3.7684989953421,0,6,0,0,6,0,0,0,0,0,0,30,3,34
"221","0441_000312b",441,3,24660,24960,0,0,0,0,0,0,0,0,0,0,0,0,0,0,0,0,0,0,0,0,0,0,0,0,0,0,0,0,0,0,0,0,0,0,0,0,0,0,0,0,0,0
"222","0441_000312b",441,3,26160,26460,0,35.705,8.86,0,35.705,0,0,0,0,0,0,26.409,5.403,14.883,0,3.60291298556274,2.28848616861454,0,3.60291298556274,0,0,0,0,0,0,3.31087142661378,1.85676663053667,2.76524935485302,0,90,9,0,90,0,0,0,0,0,0,22,5,17
"223","0517_000303",517,3,3322,3622,0,16.175,0,0,16.175,0,0,0,0,0,0,4.42,0.665,43.765,0,2.84345483810841,0,0,2.84345483810841,0,0,0,0,0,0,1.69009581545155,0.509825123432407,3.80142658408612,0,62,0,0,62,0,0,0,0,0,0,5,2,42
"224","0517_000303",517,3,3681,3981,0,21.815,0,0,21.815,0,0,0,0,0,0,25.48,0,68.277,0,3.12741821437937,0,0,3.12741821437937,0,0,0,0,0,0,3.27638973106881,0,4.23811296077618,0,68,0,0,68,0,0,0,0,0,0,23,0,76
"225","0517_000303",517,3,6022,6322,0,4.785,18.48,0,4.785,0,0,0,0,0,0,26.73,0.33,57.085,0,1.75526836064564,2.96938829821439,0,1.75526836064564,0,0,0,0,0,0,3.32251485962769,0.285178942233662,4.06190745496544,0,18,17,0,18,0,0,0,0,0,0,22,1,57
"226","0517_000602",517,6,8464,8764,0,9.5,39.72,0,9.5,0,0,0,0,0,0,8.47,2.17,34.38,0,2.35137525716348,3.70671937224227,0,2.35137525716348,0,0,0,0,0,0,2.24812890719799,1.15373158788919,3.56614668873164,0,14,19,0,14,0,0,0,0,0,0,9,5,29
"227","0517_000901",517,9,11704,12004,1.412,42.982,0,0,44.394,0,0,0,0,0,0,1.344,6.528,27.642,0.880456278864939,3.78378045930866,0,0,3.81537993772328,0,0,0,0,0,0,0.851858871714766,2.01862940228308,3.35487417205651,1,62,0,0,63,0,0,0,0,0,0,2,10,32
"228","0517_000901",517,9,16204,16504,1.562,24.697,27.644,0,26.259,0,0,0,0,0,0,16.23,2,19.65,0.940788203474543,3.24637425357001,3.35494399714469,0,3.30538374180975,0,0,0,0,0,0,2.84665205053984,1.09861228866811,3.02771531940704,2,43,20,0,45,0,0,0,0,0,0,22,2,18
"229","0517_000901",517,9,40204,40504,3.45,65.727,0,0,69.177,0,0,0,0,0,0,1.159,0,21.503,1.49290409617815,4.20060966861433,0,0,4.25102062201995,0,0,0,0,0,0,0.76964515153267,0,3.11364863365561,2,61,0,0,63,0,0,0,0,0,0,2,0,14
"230","0530_000304",530,3,38,338,3.935,31.42,0.57,0,35.355,0,0,0,0,0,0.25,19,0.245,93.03,1.59635267288544,3.47877551630753,0.451075619360217,0,3.59333174610202,0,0,0,0,0,0.22314355131421,2.99573227355399,0.219135529916671,4.54361388028899,6,57,1,0,63,0,0,0,0,0,1,15,1,78
"231","0530_000304",530,3,3938,4238,0,16.19,13.685,0,16.19,0,0,0,0,0,0,43.13,0,41.64,0,2.84432781939476,2.68682656465058,0,2.84432781939476,0,0,0,0,0,0,3.78713982328146,0,3.75279277985759,0,28,8,0,28,0,0,0,0,0,0,29,0,34
"232","0530_000304",530,3,45643,45943,0,13.455,3.275,0,13.455,0,0,0,0,0,0,29.58,0,54.275,0,2.67104037546831,1.45278410238872,0,2.67104037546831,0,0,0,0,0,0,3.42034620050092,0,4.01232072674351,0,31,1,0,31,0,0,0,0,0,0,25,0,38
"233","0530_000614",530,6,2194,2494,0,24.568,0,0,24.568,0,0,0,0,0,0,9.166,0,1.124,0,3.24134156958386,0,0,3.24134156958386,0,0,0,0,0,0,2.31904881902471,0,0.753301103379692,0,31,0,0,31,0,0,0,0,0,0,9,0,1
"234","0530_000614",530,6,4594,4894,0,7.988,41.381,0,7.988,0,0,0,0,0,0,15.361,0,8.304,0,2.19589035432308,3.74670014859764,0,2.19589035432308,0,0,0,0,0,0,2.79490045400094,0,2.23044441521636,0,9,40,0,9,0,0,0,0,0,0,10,0,6
"235","0530_000614",530,6,12394,12694,0,40.483,10.298,0,40.483,0,0,0,0,0,0,0,0,3.566,0,3.72528370475764,2.42462571890307,0,3.72528370475764,0,0,0,0,0,0,0,0,1.5186375481076,0,43,12,0,43,0,0,0,0,0,0,0,0,2
"236","0530_000916",530,9,8850,9150,3.374,40.247,0.3,0,43.621,0,0,0,0,0,0,0,0,0,1.47567792225458,3.71957838286321,0.262364264467491,0,3.79820460022793,0,0,0,0,0,0,0,0,0,4,46,1,0,50,0,0,0,0,0,0,0,0,0
"237","0530_000916",530,9,11250,11550,15.43,39.093,0,1.332,54.523,0,0,0,0,0,0,1.709,0,0,2.79910893204918,3.6912017554835,0,0.846726268488246,4.01679734932087,0,0,0,0,0,0,0.996579563102958,0,0,11,45,0,2,56,0,0,0,0,0,0,2,0,0
"238","0530_000916",530,9,15750,16050,0.696,111.1,0,0,111.796,0,0,0,0,0,0,1.694,0,0,0.528272537369711,4.71939133007811,0,0,4.72558087744229,0,0,0,0,0,0,0.991027077988172,0,0,1,87,0,0,88,0,0,0,0,0,0,1,0,0
"239","0530_010609",530,18,10674,10974,11.559,22.739,16.671,1.209,34.298,0,0,0,0,0,0,53.113,0.758,3.697,2.53043754003599,3.16711926529517,2.87192487782592,0.79253992443798,3.56382630511037,0,0,0,0,0,0,3.99107445273465,0.564176799262985,1.54692400704486,14,41,12,4,55,0,0,0,0,0,0,43,1,4
"240","0530_010609",530,18,23574,23874,14.062,14.778,0,0,28.84,0,0,0,0,0,0,41.924,0,14.377,2.71217501567916,2.7586165646729,0,0,3.39584977533556,0,0,0,0,0,0,3.75943111006488,0,2.73287288653356,23,27,0,0,50,0,0,0,0,0,0,36,0,17
"241","0530_010609",530,18,33474,33774,15.57,55.18,20.07,0,70.75,0,0,0,0,0,0,157.635,0.81,1.78,2.80759383143847,4.0285608216761,3.0478502278161,0,4.27318785463973,0,0,0,0,0,0,5.06660596581267,0.593326845277734,1.02245092770255,9,69,12,0,78,0,0,0,0,0,0,112,2,2
"242","0534_000307",534,3,16011,16311,7.01,67.524,6.912,0,74.534,0,0,0,0,0,0,34.536,6.448,15.139,2.08069076108027,4.22718404886821,2.06838059432041,0,4.32458288601218,0,0,0,0,0,0,3.57054626715207,2.00794553997477,2.78123870305369,14,156,8,0,170,0,0,0,0,0,0,36,5,15
"243","0534_000307",534,3,22011,22311,4.224,84.386,22.995,0,88.61,0,0,0,0,0,0,98.495,13.938,5.267,1.65326339197413,4.44718215292958,3.17784547531021,0,4.49546692089613,0,0,0,0,0,0,4.60010739164563,2.70390830193487,1.83529777124254,6,197,24,0,203,0,0,0,0,0,0,80,20,5
"244","0534_000307",534,3,42411,42711,7.241,78.464,10.956,0,85.705,0,0,0,0,0,0,64.173,1.087,17.22,2.10912169578125,4.37530408891305,2.48123324442169,0,4.46251155225051,0,0,0,0,0,0,4.17704527273576,0.735727628095064,2.90251989183181,7,159,6,0,166,0,0,0,0,0,0,66,1,14
"245","0534_000613",534,6,2356,2656,0,0,0,0,0,0,0,0,0,0,0,0,0,0,0,0,0,0,0,0,0,0,0,0,0,0,0,0,0,0,0,0,0,0,0,0,0,0,0,0,0,0
"246","0534_000613",534,6,26656,26956,0,0,0,0,0,0,0,0,0,0,0,0,0,0,0,0,0,0,0,0,0,0,0,0,0,0,0,0,0,0,0,0,0,0,0,0,0,0,0,0,0,0
"247","0534_000613",534,6,29056,29356,0,0,0,0,0,0,0,0,0,0,0,0,0,0,0,0,0,0,0,0,0,0,0,0,0,0,0,0,0,0,0,0,0,0,0,0,0,0,0,0,0,0
"248","0534_000912",534,9,4885,5185,22.49,10.521,0,0,33.011,0,0,0,0,0,0,2.968,0,14.559,3.15657479867082,2.44417145705592,0,0,3.52668400170357,0,0,0,0,0,0,1.37826218942263,0,2.74463924933283,28,17,0,0,45,0,0,0,0,0,0,4,0,15
"249","0534_000912",534,9,17485,17785,2.834,14.905,44.978,0,17.739,0,0,0,0,0,3.707,21.641,0,46.836,1.34390864462345,2.76663352520111,3.82816302121632,0,2.93060691359353,0,0,0,0,0,1.54905076241901,3.11976242197084,0,3.86777849410656,3,21,29,0,24,0,0,0,0,0,2,25,0,64
"250","0534_000912",534,9,20185,20485,14.795,41.243,0,2.001,56.038,0,0,0,0,0,0,8.853,0,50.32,2.75969343425405,3.74343865960328,0,1.09894556645823,4.04371771237771,0,0,0,0,0,0,2.28777597734034,0,3.93808053974744,19,46,0,3,65,0,0,0,0,0,0,11,0,29
"251","0534_010612",534,18,15767,16067,62.647,17.189,0,0,79.836,0,0,0,0,0,0,0,0,14.417,4.15335219113537,2.9008170157577,0,0,4.392422410856,0,0,0,0,0,0,0,0,2.7354707966782,54,20,0,0,74,0,0,0,0,0,0,0,0,16
"252","0534_010612",534,18,17567,17867,34.571,9.326,0,0,43.897,0,0,0,0,0,0,9.802,0,40.987,3.57153069914404,2.33466498645746,0,0,3.80437097737121,0,0,0,0,0,0,2.3797313021707,0,3.73736004656146,46,18,0,0,64,0,0,0,0,0,0,8,0,46
"253","0534_010612",534,18,21467,21767,55.075,39.499,0,42.058,94.574,0,0,0,0,0,0,1.774,0,43.25,4.02669008040627,3.70127728244963,0,3.76254804403914,4.55990081654056,0,0,0,0,0,0,1.02029032189264,0,3.78985537145394,49,49,0,27,98,0,0,0,0,0,0,2,0,39
"254","0573_000303",573,3,1728,2028,0,59.031,0,0,59.031,0,0,0,0,0,0,3.552,0,98.446,0,4.0948610954625,0,0,4.0948610954625,0,0,0,0,0,0,1.51556669682403,0,4.59961478327439,0,139,0,0,139,0,0,0,0,0,0,3,0,79
"255","0573_000303",573,3,9228,9528,5.653,47.254,0,0.574,52.907,0,0,0,0,0,0,81.984,0,88.48,1.89506788075975,3.87647872590325,0,0.453620149995211,3.98726033961243,0,0,0,0,0,0,4.41864781812953,0,4.49401513662193,5,90,0,1,95,0,0,0,0,0,0,73,0,70
"256","0573_000303",573,3,17328,17628,0,40.855,10.955,0,40.855,0,0,2.006,0,0,0,69.268,0,110.663,0,3.73421126411202,2.48114960091029,0,3.73421126411202,0,0,1.10061029133078,0,0,0,4.25231650315114,0,4.71548540679695,0,61,5,0,61,0,0,1,0,0,0,57,0,76
"257","0583_000305",583,3,5671,5971,0,3.579,0,0,3.579,0,0,0,0,0,0,48.128,1.394,0,0,1.52148063367496,0,0,1.52148063367496,0,0,0,0,0,0,3.8944291370271,0.872965607135781,0,0,12,0,0,12,0,0,0,0,0,0,37,2,0
"258","0583_000305",583,3,26971,27271,2.226,31.171,21.166,0,33.397,0,0,0,0,0,0,0,1.508,15.951,1.17124297970302,3.47106542562948,3.09855958335346,0,3.53796935127408,0,0,0,0,0,0,0,0.919485622770674,2.83032682913635,5,114,32,0,119,0,0,0,0,0,0,0,2,18
"259","0583_000305",583,3,35671,35971,0,41.267,7.09,0,41.267,0,0,0,0,0,0,36.187,0.613,10.041,0,3.74400663973925,2.0906287310704,0,3.74400663973925,0,0,0,0,0,0,3.61595923783731,0.478095799143072,2.401615616457,0,57,2,0,57,0,0,0,0,0,0,35,1,11
"260","0583_000605",583,6,7585,7885,0.588,33.928,5.677,0,34.516,0,0,0,0,0,0,0.353,0.791,31.463,0.462475362824944,3.55328879980759,1.89866878487573,0,3.56998329917008,0,0,0,0,0,0,0.302324349188651,0.582774123078575,3.48010097925762,1,52,7,0,53,0,0,0,0,0,0,1,1,33
"261","0583_000605",583,6,16585,16885,0,79.121,12.298,0,79.121,0,0,0,0,0,0,0,0,0,0,4.38353799199781,2.58761364798026,0,4.38353799199781,0,0,0,0,0,0,0,0,0,0,56,5,0,56,0,0,0,0,0,0,0,0,0
"262","0583_000605",583,6,34285,34585,0,12.715,53.213,0,12.715,0,0,0,0,0,0,11.086,0,2.5,0,2.61849012438957,3.99292073208414,0,2.61849012438957,0,0,0,0,0,0,2.49204775793937,0,1.25276296849537,0,23,38,0,23,0,0,0,0,0,0,10,0,2
"263","0583_000904",583,9,7296,7596,26.11,57.34,0,0,83.45,0,0,0,0,0,0,0,0,55.095,3.29990266351057,4.06628796443958,0,0,4.43615964325381,0,0,0,0,0,0,0,0,4.02704668199693,22,59,0,0,81,0,0,0,0,0,0,0,0,20
"264","0583_000904",583,9,16596,16896,38.537,45.38,71.582,0,83.917,0,0,0,0,0,0,0,0,37.331,3.67723694232986,3.83686833182739,4.28471695720577,0,4.4416743088441,0,0,0,0,0,0,0,0,3.6462589682773,30,44,44,0,74,0,0,0,0,0,0,0,0,27
"265","0583_000904",583,9,24396,24696,31.568,40.178,7.106,0,71.746,0,0,0,0,0,0,0,0,4.186,3.48333021120068,3.71790413315455,2.09260452820612,0,4.28697392172212,0,0,0,0,0,0,0,0,1.64596268711647,29,93,9,0,122,0,0,0,0,0,0,0,0,5
"266","0583_010604",583,18,1007,1307,71.96,2.017,0.83,0,73.977,0,0,0,0,0,0,10.94,0,24.23,4.28991134576608,1.10426296017692,0.60431596685333,0,4.31718139983781,0,0,0,0,0,0,2.47989410796446,0,3.22803376265297,50,4,1,0,54,0,0,0,0,0,0,6,0,32
"267","0583_010604",583,18,3407,3707,31.135,9.676,0,0,40.811,0,0,0,0,0,0,8.042,5.178,95.014,3.46994577882325,2.36799823154228,0,0,3.73315946280548,0,0,0,0,0,0,2.20188038887241,1.82099459449639,4.56449401416852,36,10,0,0,46,0,0,0,0,0,0,9,3,78
"268","0583_010604",583,18,10307,10607,0,0,0,0,0,0,0,0,0,0,0,0,0,0,0,0,0,0,0,0,0,0,0,0,0,0,0,0,0,0,0,0,0,0,0,0,0,0,0,0,0,0
"269","0623_000312",623,3,2568,2868,1.103,39.923,0,0,41.026,0,0,0,0,0,0,0,0,20.613,0.743364896720563,3.71169225217909,0,0,3.73828847437148,0,0,0,0,0,0,0,0,3.07329498550178,2,67,0,0,69,0,0,0,0,0,0,0,0,22
"270","0623_000312",623,3,17568,17868,0,47.59,13.557,0,47.59,0,0,0,0,0,0,0,0,41.338,0,3.88341774841781,2.67807197758252,0,3.88341774841781,0,0,0,0,0,0,0,0,3.74568502793539,0,96,15,0,96,0,0,0,0,0,0,0,0,39
"271","0623_000312",623,3,30468,30768,8.753,24.859,0,0,33.612,0,0,0,0,0,0,6.566,0,61.568,2.27757492998988,3.25265870283577,0,0,3.54420044274449,0,0,0,0,0,0,2.02366452621084,0,4.13625396529931,11,51,0,0,62,0,0,0,0,0,0,7,0,56
"272","0623_000607",623,6,21686,21986,0,8.78,0,0,8.78,0,0,0,0,0,0,1.06,2.2,48.93,0,2.28033948404673,0,0,2.28033948404673,0,0,0,0,0,0,0.72270598280149,1.16315080980568,3.91062202451252,0,13,0,0,13,0,0,0,0,0,0,1,3,35
"273","0623_000607",623,6,24086,24386,0,37.86,0,0,37.86,0,0,0,0,0,0,0,1.2,2.33,0,3.65996544394929,0,0,3.65996544394929,0,0,0,0,0,0,0,0.78845736036427,1.20297230399235,0,50,0,0,50,0,0,0,0,0,0,0,2,1
"274","0623_000607",623,6,27356,27656,6.506,19.615,5.457,0.84,26.121,0,0,0,0,0,0,0,0,13.914,2.01570270071283,3.02601896615886,1.86516481364433,0.609765571620894,3.30030833554874,0,0,0,0,0,0,0,0,2.7023003691216,8,24,4,2,32,0,0,0,0,0,0,0,0,10
"275","0623_000907",623,9,801,1101,0,0,0,0,0,0,0,0,0,0,0,0,0,0,0,0,0,0,0,0,0,0,0,0,0,0,0,0,0,0,0,0,0,0,0,0,0,0,0,0,0,0
"276","0623_000907",623,9,20301,20601,34.838,7.665,0,0,42.503,0,0,0,0,0,0,41.717,1.17,20.595,3.57900878297822,2.15929192316757,0,0,3.77282990123387,0,0,0,0,0,0,3.75459696746697,0.774727167552368,3.07246180641266,28,10,0,0,38,0,0,0,0,0,0,26,1,10
"277","0623_000907",623,9,25401,25701,0,12.429,12.005,42.003,12.429,0,0,0,0,0,0,0,0,77.411,0,2.59741654759904,2.56533389890062,3.76126988070179,2.59741654759904,0,0,0,0,0,0,0,0,4.36196422363683,0,21,8,48,21,0,0,0,0,0,0,0,0,64
"278","0623_010606",623,18,26137,26437,40.969,28.675,0,0,69.644,0,0,0,0,0,0,26.423,1.739,32.836,3.73693125051887,3.39030494049573,0,0,4.25765317983412,0,0,0,0,0,0,3.31138207733979,1.00759289028094,3.52152532444177,46,40,0,0,86,0,0,0,0,0,0,20,2,27
"279","0623_010606",623,18,29137,29437,21.71,45.539,0,8.758,67.249,0,0,0,0,0,0,5.461,0,3.432,3.12280535611747,3.8402906707503,0,2.27808746139365,4.22316278194308,0,0,0,0,0,0,1.86578410457603,0,1.48885094944498,26,61,0,13,87,0,0,0,0,0,0,6,0,2
"280","0623_010606",623,18,37237,37537,29.425,19.92,0,0,49.345,0,0,0,0,0,0,16.994,0,14.007,3.41526463887359,3.04070563919672,0,0,3.91889930936758,0,0,0,0,0,0,2.89003836899493,0,2.70851675891385,40,33,0,0,73,0,0,0,0,0,0,13,0,17
"281","0635_000304",635,3,3280,3580,1.733,50.182,0,0,51.915,0,0,0,0,0,0,89.119,3,14.981,1.00539990694593,3.93538790773288,0,0,3.96868685254569,0,0,0,0,0,0,4.50113101918646,1.38629436111989,2.77140051660297,2,93,0,0,95,0,0,0,0,0,0,75,4,13
"282","0635_000304",635,3,5380,5680,0,47.693,78.437,0,47.693,0,0,0,0,0,0,1.774,0,47.737,0,3.88553528259104,4.37496425467337,0,3.88553528259104,0,0,0,0,0,0,1.02029032189264,0,3.88643849521531,0,72,32,0,72,0,0,0,0,0,0,2,0,49
"283","0635_000304",635,3,9880,10180,0,44.552,0,0,44.552,0,0,0,0,0,0,0,0,0,0,3.81885453053568,0,0,3.81885453053568,0,0,0,0,0,0,0,0,0,0,72,0,0,72,0,0,0,0,0,0,0,0,0
"284","0635_000603",635,6,3291,3591,0,36.505,0,0,36.505,0,0,0,0,0,0,23.201,0,37.198,0,3.6244742574216,0,0,3.6244742574216,0,0,0,0,0,0,3.18639395462295,0,3.64278315822096,0,37,0,0,37,0,0,0,0,0,0,14,0,36
"285","0635_000603",635,6,16491,16791,0,6.269,0,0,6.269,0,0,0,0,0,0,38.3,0,51.297,0,1.9836187305025,0,0,1.9836187305025,0,0,0,0,0,0,3.67122451887522,0,3.95693900804898,0,12,0,0,12,0,0,0,0,0,0,30,0,45
"286","0635_000603",635,6,29991,30291,0,25.62,3.93,0,25.62,0,0,0,0,0,0,0,0,22.015,0,3.28166281296697,1.5953389880546,0,3.28166281296697,0,0,0,0,0,0,0,0,3.1361461772692,0,40,2,0,40,0,0,0,0,0,0,0,0,31
"287","0635_000903",635,9,3118,3418,1.716,59.098,0,0,60.814,0,0,0,0,0,0,12.017,1.384,30.604,0.99916020969645,4.09597656311723,0,0,4.12412987602479,0,0,0,0,0,0,2.56625619548432,0.868779749203103,3.45328369486049,4,58,0,0,62,0,0,0,0,0,0,16,2,30
"288","0635_000903",635,9,27418,27718,1,57.25,0,0,58.25,0,0,0,0,0,0,13.16,0.79,53.74,0.693147180559945,4.06474409244581,0,0,4.08176578001524,0,0,0,0,0,0,2.65042108826557,0.582215619852664,4.00259470361253,1,43,0,0,44,0,0,0,0,0,0,13,1,54
"289","0635_000903",635,9,34018,34318,0,50.129,44.2,0.494,50.129,0,0,0,0,0,0,39.692,0.842,127.622,0,3.93435185091121,3.81109708683819,0.401457086710626,3.93435185091121,0,0,0,0,0,0,3.7060315129315,0.610851937833115,4.85687787026705,0,66,26,1,66,0,0,0,0,0,0,36,1,101
"290","0635_010603",635,18,1837,2137,29.094,19.33,11.162,0,48.424,0,0,0,0,0,0,36.922,1.427,48.179,3.40432581633669,3.01209762764026,2.49831633669792,0,3.90043613617623,0,0,0,0,0,0,3.63553141861201,0.886655926744464,3.89546670311243,39,31,8,0,70,0,0,0,0,0,0,29,1,47
"291","0635_010603",635,18,30337,30637,28.18,25.75,8.99,0,53.93,0,0,0,0,0,0,64.46,0.38,46.225,3.37348354309464,3.28653447334202,2.30158459266046,0,4.00605964735453,0,0,0,0,0,0,4.18143926907304,0.322083499169113,3.85492341338757,34,26,5,0,60,0,0,0,0,0,0,45,1,37
"292","0635_010603",635,18,44437,44737,42.58,26.262,0,2.65,68.842,0,0,0,0,0,0,34.546,0.432,59.917,3.77459832951647,3.30549379114865,0,1.2947271675944,4.24623554800563,0,0,0,0,0,0,3.5708276323378,0.359072068538454,4.10951228190303,47,25,0,3,72,0,0,0,0,0,0,22,1,51
"293","0644_000909",644,9,2006,2306,0,8.13,1.02,0,8.13,0,0,0,0,0,0,0.79,0,48.38,0,2.21156569460688,0.703097511413113,0,2.21156569460688,0,0,0,0,0,0,0.582215619852664,0,3.89954548391703,0,9,1,0,9,0,0,0,0,0,0,1,0,31
"294","0651_000310",651,3,12064,12364,0,69.928,12.181,0,69.928,0,0,0,0,0,0,1.534,4.499,0,0,4.2616652780027,2.57877639873033,0,4.2616652780027,0,0,0,0,0,0,0.929799081898947,1.70456625752568,0,0,89,12,0,89,0,0,0,0,0,0,2,5,0
"295","0651_000310",651,3,16264,16564,0,59.183,11.9,0,59.183,0,0,0,0,0,0,0,0,2.042,0,4.09738992040806,2.55722731136763,0,4.09738992040806,0,0,0,0,0,0,0,0,1.1125151938371,0,102,5,0,102,0,0,0,0,0,0,0,0,4
"296","0651_000310",651,3,26164,26464,0,62.27,19.604,0,62.27,0,0,0,0,0,0,0,0,0.617,0,4.14741128315879,3.02548523170334,0,4.14741128315879,0,0,0,0,0,0,0,0,0.48057258059497,0,85,10,0,85,0,0,0,0,0,0,0,0,2
"297","0651_000602",651,6,10454,10754,0,82.847,55.729,0,82.847,0,0,0,0,0,0,0,0,1.555,0,4.42899370945385,4.03828554382545,0,4.42899370945385,0,0,0,0,0,0,0,0,0.938052223655668,0,81,38,0,81,0,0,0,0,0,0,0,0,3
"298","0651_000602",651,6,13454,13754,0,32.326,2.061,0,32.326,0,0,0,0,0,0,211.102,0,9.709,0,3.50633787311643,1.11874165996328,0,3.50633787311643,0,0,0,0,0,0,5.35706729104056,0,2.37108450941874,0,40,1,0,40,0,0,0,0,0,0,91,0,6
"299","0651_000602",651,6,26054,26354,9.844,67.049,0.712,0,76.893,0,0,6.78,0,0,0,0,0,54.683,2.38361193163642,4.22022803391235,0.53766227771955,0,4.35533609004583,0,0,2.0515563381903,0,0,0,0,0,4.01967489388507,2,49,2,0,51,0,0,2,0,0,0,0,0,40
"300","0651_000908",651,9,18857,19157,19.79,29.542,7.463,0,49.332,0,0,0,0,0,0,7.525,0,7.471,3.03447210186992,3.41910278553099,2.13570372068797,0,3.91864105772972,0,0,0,0,0,0,2.14300302316958,0,2.13664856544941,17,42,5,0,59,0,0,0,0,0,0,4,0,8
"301","0651_000908",651,9,25757,26057,4.352,23.943,41.292,0,28.295,0,0,0,0,0,0,13.913,1.025,14.461,1.67747032282593,3.21659322171065,3.74459794287028,0,3.37741685299675,0,0,0,0,0,0,2.70223331578065,0.705569700558502,2.73832072412046,1,26,13,0,27,0,0,0,0,0,0,7,1,11
"302","0651_000908",651,9,32057,32357,11.225,25.545,9.823,0,36.77,0,0,0,0,0,0,2.81,0,76.428,2.50348303536094,3.27884140603563,2.38167349931301,0,3.63151513672437,0,0,0,0,0,0,1.33762918913861,0,4.3493484722833,8,44,8,0,52,0,0,0,0,0,0,2,0,76
"303","0651_010608",651,18,3259,3559,51.269,19.633,0.569,0,70.902,20.766,0,0,8.095,0,0,10.294,0,8.236,3.95640346110888,3.02689173580309,0.450438473750896,0,4.27530408075182,3.08034911927387,0,0,2.20772481197009,0,0,2.42427161125064,0,2.22310889149225,40,37,1,0,77,8,0,0,4,0,0,10,0,6
"304","0651_010608",651,18,5059,5359,28.38,12.469,0,0.46,40.849,0,0,0,0,0,0,0,2.01,6.79,3.38031417074573,2.60039074861668,0,0.378436435720245,3.73406790178739,0,0,0,0,0,0,0,1.10194007876078,2.05284085988266,28,20,0,1,48,0,0,0,0,0,0,0,2,8
"305","0651_010608",651,18,8959,9259,40.08,54.777,8.09,0,94.857,0,0,0,0,0,0,0,0,5.72,3.71552138506036,4.02136159803518,2.20717490818939,0,4.56285749760229,0,0,0,0,0,0,0,0,1.90508815453506,28,64,4,0,92,0,0,0,0,0,0,0,0,8
"306","0667_000309",667,3,26849,27149,0,24.033,26.083,0,24.033,0,0,0,0,0,0,74.067,4.779,34.413,0,3.2201949544341,3.29890622477369,0,3.2201949544341,0,0,0,0,0,0,4.3183810480849,1.75423065733564,3.56707898436511,0,31,9,0,31,0,0,0,0,0,0,54,4,26
"307","0747_000302",747,3,16334,16634,21.017,74.812,0,1.434,95.829,0,0,0,0,0,0,40.7,0,105.232,3.09181488223104,4.32825659146405,0,0.889535994565335,4.57294653619223,0,0,0,0,0,0,3.73050112880476,0,4.66562538168803,18,75,0,2,93,0,0,0,0,0,0,30,0,100
"308","0747_000302",747,3,24434,24734,1.62,10.18,29.42,6.305,11.8,0,0,0,0,0,0,36.925,1.18,117.263,0.963174317773006,2.41412646772695,3.41510028683115,1.98855904520266,2.54944517092557,0,0,0,0,0,0,3.6356105252346,0.779324876800997,4.77291095790451,2,20,21,5,22,0,0,0,0,0,0,28,1,107
"309","0747_000302",747,3,44834,45134,1.91,62.394,5.49,0,64.304,0,0,0,0,0,0,0,0,101.787,1.0681530811834,4.14936921974082,1.870262530716,0,4.17905329014905,0,0,0,0,0,0,0,0,4.63265888588046,2,99,2,0,101,0,0,0,0,0,0,0,0,107
"310","0747_000602",747,6,777,1077,8.58,93.911,5.43,0,102.491,0,0,0,0,0,0.76,39.545,11.581,21.33,2.25967759198277,4.55293961038444,1.86097453824953,0,4.63948465240275,0,0,0,0,0,0.56531380905006,3.70241246839652,2.53218773936899,3.10593106585207,4,50,3,0,54,0,0,0,0,0,1,34,16,18
"311","0747_000602",747,6,24177,24477,32.104,33.701,0,0.541,65.805,0,0,0,0,0,0,2.744,0.584,17.972,3.49965412100319,3.54676850498137,0,0.432431556337979,4.20177792804086,0,0,0,0,0,0,1.32015455861535,0.459953293392234,2.94296420801534,29,31,0,1,60,0,0,0,0,0,0,3,1,16
"312","0747_000602",747,6,46377,46677,19.866,67.658,0,0,87.524,0,0,0,0,0,0,42.253,0.63,36.838,3.03812104004578,4.22913765856363,0,0,4.48327370169017,0,0,0,0,0,0,3.76706659513416,0.488580014818671,3.63331388866423,20,60,0,0,80,0,0,0,0,0,0,24,1,25
"313","0747_000901",747,9,24221,24521,7.022,40.206,0,1.23,47.228,0,0,0,0,0,0,6.106,0,42.971,2.08218776734786,3.71858387682027,0,0.802001585472027,3.87593976525506,0,0,0,0,0,0,1.96093949759884,0,3.78353032571327,8,42,0,2,50,0,0,0,0,0,0,6,0,46
"314","0747_000901",747,9,37121,37421,58.426,28.249,0,0,86.675,0,0,0,0,0,0,3.135,0,26.037,4.08473184103904,3.37584538505925,0,0,4.47363679602624,0,0,0,0,0,0,1.41948732847565,0,3.29720629827416,30,25,0,0,55,0,0,0,0,0,0,4,0,26
"315","0747_000901",747,9,42506,42806,19.365,53.305,0,17.137,72.67,0,0,0,0,0,0,79.562,0,60.495,3.01381774110038,3.994616303732,0,2.89795405063529,4.29959566069472,0,0,0,0,0,0,4.38902707431863,0,4.11895587069437,11,50,0,15,61,0,0,0,0,0,0,45,0,60
"316","0747_010601a",747,18,5958,6258,60.327,11.18,0,0,71.507,0,0,0,0,0,0,17.53,0,17.287,4.11622020273954,2.49979526228175,0,0,4.28368310892395,0,0,0,0,0,0,2.91939104029727,0,2.9061904248925,65,9,0,0,74,0,0,0,0,0,0,10,0,15
"317","0747_010601b",747,18,10,310,85.597,24.356,1.43,0,109.953,0,0,0,0,0,0,56.667,3.23,7.739,4.46126517293601,3.23301538842192,0.887891257352457,0,4.7091066882199,0,0,0,0,0,0,4.05468508615978,1.44220199305819,2.16779576664541,42,17,1,0,59,0,0,0,0,0,0,38,2,7
"318","0747_010601b",747,18,8700,9000,55.165,6.812,2.58,0,61.977,0,0,0,0,0,0,2.336,1.3,54.498,4.02829378709353,2.05566101301443,1.27536280041261,0,4.14276958036876,0,0,0,0,0,0,1.2047724844965,0.832909122935104,4.01634698406704,59,12,2,0,71,0,0,0,0,0,0,2,1,51
"319","0776_000304",776,3,5819,6119,0,0,0,0,0,0,0,0,0,0,0,0,0,0,0,0,0,0,0,0,0,0,0,0,0,0,0,0,0,0,0,0,0,0,0,0,0,0,0,0,0,0
"320","0776_000304",776,3,9119,9419,0.86,10.614,0,0,11.474,0,0,0,0,0,0,42.129,5.419,0,0.62057648772511,2.45221126694986,0,0,2.52364647810393,0,0,0,0,0,0,3.76419562467336,1.85926234232964,0,1,9,0,0,10,0,0,0,0,0,0,25,6,0
"321","0776_000304",776,3,38819,39119,0,8.72,14.273,0,8.72,0,0,0,0,0,0,0,0,0,0,2.27418561847235,2.72608656358831,0,2.27418561847235,0,0,0,0,0,0,0,0,0,0,15,9,0,15,0,0,0,0,0,0,0,0,0
"322","0776_000613",776,6,16197,16497,0,0.88,0,0,0.88,0,0,0,0,0,0,0,1.54,2.47,0,0.631271776841858,0,0,0.631271776841858,0,0,0,0,0,0,0,0.932164081030445,1.24415459395877,0,4,0,0,4,0,0,0,0,0,0,0,1,5
"323","0776_000613",776,6,19497,19797,0,1.04,4.27,0,1.04,0,0,0,0,0,0,22.775,2.88,11.235,0,0.712949807856125,1.66203036255327,0,0.712949807856125,0,0,0,0,0,0,3.16863460843145,1.35583515363518,2.50430069689463,0,1,1,0,1,0,0,0,0,0,0,17,3,8
"324","0776_000911",776,9,36699,36999,1.827,57.903,0,0,59.73,0,0,0,0,0,0,50.93,0,11.249,1.03921607871145,4.07589202314654,0,0,4.10643780990948,0,0,0,0,0,0,3.94989665785623,0,2.50544430100555,3,71,0,0,74,0,0,0,0,0,0,40,0,9
"325","0776_000911",776,9,38799,39099,6,44.591,2.578,4.098,50.591,0,0,0,0,0,0,8.966,0,0,1.94591014905531,3.81971032861958,1.27480398508653,1.62884830595392,3.94334723867017,0,0,0,0,0,0,2.29917929985921,0,0,4,61,5,6,65,0,0,0,0,0,0,8,0,0
"326","0776_000911",776,9,45399,45699,0,10.868,0,0,10.868,0,0,0,0,0,0,4.265,0,0,0,2.47384570242858,0,0,2.47384570242858,0,0,0,0,0,0,1.66108114558594,0,0,0,17,0,0,17,0,0,0,0,0,0,4,0,0
"327","0787_000306",787,3,1444,1744,5.988,123.164,0,0,129.152,0,0,0,0,0,0,2.901,0,10.968,1.94419439227181,4.82160327241081,0,0,4.86870299820687,0,0,0,0,0,0,1.36123293052452,0,2.48223642123212,6,142,0,0,148,0,0,0,0,0,0,3,0,16
"328","0787_000306",787,3,11044,11344,1.233,60.177,96.612,0,61.41,0,0,0,0,0,0,12.334,0.825,85.116,0.803345972858021,4.11377130188791,4.58100043668089,0,4.13372551894595,0,0,0,0,0,0,2.59031716419587,0.601579987034455,4.45569522459908,2,66,43,0,68,0,0,0,0,0,0,12,1,65
"329","0787_000306",787,3,41344,41644,10.601,57.801,0,0.325,68.402,0,0,0,0,0,0,27.212,0,0,2.45109130129327,4.07415886156269,0,0.281412459438185,4.23991568554132,0,0,0,0,0,0,3.33974741934593,0,0,7,76,0,1,83,0,0,0,0,0,0,26,0,0
"330","0787_000605",787,6,724,1024,4.552,45.701,0,0,50.253,0,0,0,0,0,0,0,2.234,5.288,1.7141582232045,3.84376557772182,0,0,3.93677415289068,0,0,0,0,0,0,0,1.17371976115492,1.83864305512691,4,92,0,0,96,0,0,0,0,0,0,0,3,7
"331","0787_000605",787,6,3124,3424,13.088,44.812,0,0,57.9,0,0,0,0,0,0,0,0,0,2.6453233711939,3.82454606553547,0,0,4.07584109065754,0,0,0,0,0,0,0,0,0,7,47,0,0,54,0,0,0,0,0,0,0,0,0
"332","0787_000605",787,6,39424,39724,29.415,31.437,0,0.582,60.852,0,0,0,0,0,0,103.581,0,2.154,3.41493590777267,3.47929974654912,0,0.458689869345462,4.12474443461318,0,0,0,0,0,0,4.64996189077202,0,1.14867148854085,15,42,0,1,57,0,0,0,0,0,0,53,0,2
"333","0787_000906",787,9,1152,1452,0.425,24.185,20.534,0,24.61,1.05,2.301,40.831,0,0,0,56.101,0,43.711,0.354171813720614,3.22624857919761,3.06963308139353,0,3.24298290021143,0.717839793150317,1.19422545287106,3.73363769145571,0,0,0,4.04482162964346,0,3.80021955635676,1,36,9,0,37,1,1,16,0,0,0,51,0,35
"334","0787_000906",787,9,5952,6252,45.673,44.534,0,0,90.207,0,0,0,0,0,0,57.489,0,19.794,3.84316583901856,3.81845929964983,0,0,4.51313164852078,0,0,0,0,0,0,4.06883870236913,0,3.03466448355578,35,45,0,0,80,0,0,0,0,0,0,44,0,16
"335","0787_000906",787,9,28152,28452,16.134,39.133,6.184,43.206,55.267,0,0,0,0,0,0,2.645,0,2.844,2.84106479354185,3.69219893852428,1.9718563309999,3.78886052647725,4.03010821764682,0,0,0,0,0,0,1.29335636546062,0,1.34651349110805,15,74,4,37,89,0,0,0,0,0,0,3,0,2
"336","0787_010604",787,18,25425,25725,63.154,22.716,0,6.653,85.87,0,0,0,0,0,0,5.363,0,37.601,4.16128644297587,3.16614992584512,0,2.03509772782778,4.46441274827183,0,0,0,0,0,0,1.85049996425066,0,3.65327818287096,56,33,0,6,89,0,0,0,0,0,0,4,0,45
"337","0787_010604",787,18,26925,27225,33.29,46.985,0,1.5,80.275,0,0,0,0,0,0,20.45,0.67,84.7,3.53485376647483,3.87088846206959,0,0.916290731874155,4.39783846618997,0,0,0,0,0,0,3.06572464537403,0.512823626428664,4.45085282560373,26,60,0,2,86,0,0,0,0,0,0,17,3,64
"338","0787_010604",787,18,37125,37425,5.81,58.183,12.463,0,63.993,0,0,0,0,0,0,16.983,1.627,16.221,1.91839212016142,4.08063433848885,2.5999451819971,0,4.17427957178871,0,0,0,0,0,0,2.88942686718306,0.965842510703403,2.84612956932276,7,100,7,0,107,0,0,0,0,0,0,14,1,17
"339","0804_000309",804,3,6,306,4.206,28.932,0,3.35,33.138,0,0,0,0,0,0,18.73,0.578,93.678,1.64981180657237,3.39892814221811,0,1.47017584510059,3.53041113334214,0,0,0,0,0,0,2.98214032003452,0.456158222423682,4.55048166063729,7,46,0,2,53,0,0,0,0,0,0,16,1,84
"340","0804_000309",804,3,11106,11406,1.346,39.989,0.34,0,41.335,0,0,0,0,0,0,13.671,0,41.34,0.852711750231284,3.71330373802446,0.29266961396282,0,3.74561416709424,0,0,0,0,0,0,2.68587275615751,0,3.74573226570672,2,47,1,0,49,0,0,0,0,0,0,6,0,27
"341","0804_000309",804,3,16206,16506,0,71.056,15.143,0,71.056,0,0,0,0,0,40.503,2.268,0.218,168.189,0,4.27744359448144,2.78148651917539,0,4.27744359448144,0,0,0,0,0,3.72576571378054,1.18417817699776,0.197210169287705,5.13101643323843,0,88,6,0,88,0,0,0,0,0,11,1,1,129
"342","0804_000602",804,6,736,1036,15.186,72.783,0,0.623,87.969,0,0,1.837,0,0,0,0.83,0,81.977,2.78414667107351,4.30112835276774,0,0.484276288532454,4.48828799444978,0,0,1.04274715582671,0,0,0,0.60431596685333,0,4.41856346096123,12,71,0,1,83,0,0,1,0,0,0,1,0,60
"343","0804_000602",804,6,17688,17988,6.238,32.349,0,0,38.587,0,0,0,0,0,0,0.958,0.634,13.129,1.97934492514155,3.50702778690458,0,0,3.67850078153555,0,0,0,0,0,0,0.671923544108319,0.491030996437811,2.64822942278367,8,56,0,0,64,0,0,0,0,0,0,2,1,10
"344","0804_000602",804,6,18072,18372,2.354,21.391,0,0,23.745,0,0,0,0,0,0,0,1.46,0.796,1.21015366340102,3.1086590924092,0,0,3.20862344840385,0,0,0,0,0,0,0,0.900161349944271,0.585561969880008,3,34,0,0,37,0,0,0,0,0,0,0,1,1
"345","0804_000901a",804,9,7461,7761,3.349,18.824,20.71,0.643,22.173,0,0,0,0,0,0,28.191,0.91,14.417,1.4699459336155,2.98689332488679,3.0777729838902,0.496523839055131,3.14298780783574,0,0,0,0,0,0,3.37386044258686,0.647103242058539,2.7354707966782,2,32,14,1,34,0,0,0,0,0,0,28,1,14
"346","0804_000901a",804,9,11361,11661,9.602,82.689,22.368,0,92.291,0,0,0,0,0,0,24.241,1.279,46.003,2.36104266256561,4.42710754711451,3.15136756508544,0,4.53572364017793,0,0,0,0,0,0,3.22846965653952,0.823736750263547,3.85021142946026,7,66,8,0,73,0,0,0,0,0,0,20,2,35
"347","0804_000901b",804,9,4956,5256,3.75,78.2600000000001,0,0.78,82.0100000000001,0,0,0,0,0,0,0,6.64,17.38,1.55814461804655,4.37273358776229,0,0.576613364303994,4.41896108246694,0,0,0,0,0,0,0,2.03339760317843,2.91126311692754,3,75,0,1,78,0,0,0,0,0,0,0,5,16
"348","0804_010602",804,18,12244,12544,21.827,23.594,0,0,45.421,0,0,0,0,0,0,18.089,0,24.255,3.1279440458625,3.20250251075026,0,0,3.83775194305286,0,0,0,0,0,0,2.94911225291876,0,3.22902415592002,27,32,0,0,59,0,0,0,0,0,0,18,0,28
"349","0804_010602",804,18,23644,23944,9.01,17.832,0,16.376,26.842,0,0,0,0,0,1.71,11.225,0.503,57.512,2.30358459332713,2.93555755051792,0,2.85508994375152,3.32654567196638,0,0,0,0,0,0.99694863489161,2.50348303536094,0.407463110770838,4.06923186140703,12,27,0,12,39,0,0,0,0,0,1,11,1,58
"350","0804_010602",804,18,35944,36244,8.894,61.68,13.277,0,70.574,0,0,0,0,0,0,27.315,0.71,34.07,2.29192851280552,4.13804241748782,2.65864985080708,0,4.27073187952786,0,0,0,0,0,0,3.34339169956577,0.536493370514568,3.55734606415209,7,84,6,0,91,0,0,0,0,0,0,25,2,28
"351","0833_000307",833,3,22161,22461,0,93.465,89.176,0,93.465,0,0,11.388,0,0,0,32.467,0,63.713,0,4.54822939552528,4.50176331627621,0,4.54822939552528,0,0,2.51672826211096,0,0,0,3.51055987869928,0,4.16996210868069,0,113,47,0,113,0,0,7,0,0,0,20,0,40
"352","0833_000307",833,3,24561,24861,0.526,92.034,0,0,92.56,0,0,0,0,0,0,26.549,0,6.318,0.422649932862265,4.53296501773885,0,0,4.53860294171598,0,0,0,0,0,0,3.31596623729949,0,1.99033706659701,1,136,0,0,137,0,0,0,0,0,0,20,0,8
"353","0833_000307",833,3,26361,26661,7.38,110.218,0,0,117.598,0,0,0,0,0,0,0,0,30.224,2.12584791449399,4.71149223922046,0,0,4.77573962301503,0,0,0,0,0,0,0,0,3.44118702987831,6,113,0,0,119,0,0,0,0,0,0,0,0,29
"354","0833_000613",833,6,7503,7803,1.016,73.453,0,0,74.469,0,0,0,0,0,0,34.309,0,36.627,0.701115350209122,4.31016805381851,0,0,4.32372197591086,0,0,0,0,0,0,3.56413788895019,0,3.62772187780248,2,95,0,0,97,0,0,0,0,0,0,41,0,31
"355","0833_000613",833,6,20703,21003,17.676,85.307,4.456,0,102.983,0,0,0,0,0,0,0,0,12.271,2.92723927710869,4.45791070719856,1.69671592054116,0,4.64422742424162,0,0,0,0,0,0,0,0,2.58558120345511,15,100,2,0,115,0,0,0,0,0,0,0,0,15
"356","0833_000613",833,6,33603,33903,29.396,80.738,0,0,110.134,0,0,0,0,0,0,0,0,9.012,3.41431102080754,4.40351901001198,0,0,4.71073668043083,0,0,0,0,0,0,0,0,2.30378437356953,17,109,0,0,126,0,0,0,0,0,0,0,0,3
"357","0833_00910",833,91,6669,6969,0,0,0,0,0,0,0,0,0,0,0,0,0,0,0,0,0,0,0,0,0,0,0,0,0,0,0,0,0,0,0,0,0,0,0,0,0,0,0,0,0,0
"358","0833_00910",833,91,33369,33669,0,0,0,0,0,0,0,0,0,0,0,0,0,0,0,0,0,0,0,0,0,0,0,0,0,0,0,0,0,0,0,0,0,0,0,0,0,0,0,0,0,0
"359","0833_00910",833,91,37569,37869,0,0,0,0,0,0,0,0,0,0,0,0,0,0,0,0,0,0,0,0,0,0,0,0,0,0,0,0,0,0,0,0,0,0,0,0,0,0,0,0,0,0
"360","0833_010606",833,18,15086,15386,28.802,28.918,0,0,57.72,0,0,0,0,0,0,0,0,17.148,3.39457550535327,3.39846030595227,0,0,4.07278038430626,0,0,0,0,0,0,0,0,2.89856036180172,39,51,0,0,90,0,0,0,0,0,0,0,0,15
"361","0833_010606",833,18,19586,19886,64.188,20.01,0,0,84.198,0,0,0,0,0,0,0,0,5.594,4.17727540291374,3.04499851485691,0,0,4.44497795938134,0,0,0,0,0,0,0,0,1.88616014464954,68,35,0,0,103,0,0,0,0,0,0,0,0,6
"362","0833_010606",833,18,27086,27386,15.313,16.863,25.563,1.657,32.176,0,0,0,0,0,7.407,0,0,103.751,2.79196233595417,2.88273153446675,3.27951927003689,0.977197666777676,3.50182672294408,0,0,0,0,0,2.12906469215316,0,0,4.65158610529606,23,34,12,2,57,0,0,0,0,0,3,0,0,86
"363","0840_000903",840,9,10123,10423,0.309,23.502,3.148,3.22,23.811,0,0,0,0,0,0,144.358,0,0,0.269263486927763,3.19875474687198,1.42262629036728,1.43983512804792,3.21128710321952,0,0,0,0,0,0,4.97919966504995,0,0,1,25,2,4,26,0,0,0,0,0,0,114,0,0
"364","0848_000307",848,3,1560,1860,0,12.371,0,0,12.371,0,0,0,0,0,0,47.292,1.487,0.89,0,2.59308818263253,0,0,2.59308818263253,0,0,0,0,0,0,3.87726591547014,0.911077164821268,0.636576829071551,0,14,0,0,14,0,0,0,0,0,0,30,3,1
"365","0848_000307",848,3,26760,27060,0,65.663,0,0,65.663,0,0,0,0,0,0,28.415,0.839,18.318,0,4.19965007636737,0,0,4.19965007636737,0,0,0,0,0,0,3.38150474831642,0.609221945622184,2.9610373037571,0,140,0,0,140,0,0,0,0,0,0,17,1,16
"366","0848_000307",848,3,37860,38160,0,2.161,30.656,0,2.161,0,0,0,0,0,0,0,1.277,16.786,0,1.15088843323348,3.45492770408312,0,1.15088843323348,0,0,0,0,0,0,0,0.822858787081603,2.87841163097745,0,5,8,0,5,0,0,0,0,0,0,0,1,11
"367","0848_000600",848,6,499,799,0,9.119,0,0,9.119,0,0,0,0,0,0,38.042,0,0,0,2.31441484474762,0,0,2.31441484474762,0,0,0,0,0,0,3.6646379897409,0,0,0,28,0,0,28,0,0,0,0,0,0,25,0,0
"368","0848_000600",848,6,19399,19699,0,61.225,3.742,18.829,61.225,0,0,0,0,0,0,29.823,0,77.595,0,4.13075684825366,1.55645898764321,2.98714551261667,4.13075684825366,0,0,0,0,0,0,3.42826116454481,0,4.3643080841802,0,89,3,17,89,0,0,0,0,0,0,25,0,66
"369","0848_000600",848,6,39799,40099,4.844,44.739,18.176,0,49.583,0,0,0,0,0,0,39.655,1.61,4.65,1.76541549388845,3.82295132565341,2.95365949713208,0,3.92361555146395,0,0,0,0,0,0,3.7051218296598,0.959350221334602,1.73165554515835,4,49,8,0,53,0,0,0,0,0,0,27,2,3
"370","0848_000907",848,9,8597,8897,2.635,35.33,31.054,0,37.965,0,0,0,0,0,0,38.373,0.41,14.367,1.29060911098548,3.59264384623311,3.46742198057138,0,3.66266380729552,0,0,0,0,0,0,3.67308030220496,0.343589704390077,2.7322223530732,2,51,10,0,53,0,0,0,0,0,0,21,1,9
"371","0848_000907",848,9,23597,23897,15.788,32.824,0,0,48.612,0,0,0,0,0,0,19.81,0,0,2.82066434547134,3.52117060968783,0,0,3.90423273995308,0,0,0,0,0,0,3.03543364040554,0,0,15,34,0,0,49,0,0,0,0,0,0,19,0,0
"372","0848_000907",848,9,32297,32597,3.564,26.549,0,0,30.113,0,0,0,0,0,0,10.28,0.65,4.12,1.51819943199983,3.3159662372995,0,0,3.43762573827571,0,0,0,0,0,0,2.42303124606991,0.500775287912489,1.63315443905142,5,44,0,0,49,0,0,0,0,0,0,4,2,3
"373","0848_010606",848,18,297,597,10.318,38.365,6.423,0,48.683,0,0,0,0,0,0,2.627,1.114,40.076,2.42639437872033,3.67287709663643,2.00458328813541,0,3.90566282227546,0,0,0,0,0,0,1.28840586030077,0.748581887448046,3.71542400933605,11,82,7,0,93,0,0,0,0,0,0,2,3,38
"374","0848_010606",848,18,29097,29397,10.384,48.592,25.329,12.331,58.976,0,0,0,0,0,0,71.054,0,33.957,2.43220886078755,3.90382953039962,3.2706709932959,2.59009215013154,4.09394448220076,0,0,0,0,0,0,4.2774158379066,0,3.55411873474826,11,73,15,11,84,0,0,0,0,0,0,29,0,29
"375","0848_010606",848,18,32097,32397,7.789,58.925,54.555,0,66.714,0,0,0,0,0,0,0,0.4,90.081,2.17350093958251,4.09309378032045,4.01737352103597,0,4.21529295322158,0,0,0,0,0,0,0,0.336472236621213,4.51174922049407,14,106,35,0,120,0,0,0,0,0,0,0,1,95
"376","0919_000302",919,3,2241,2541,13.725,29.664,0,0,43.389,0,0,0,0,0,0,42.52,2.3,38.108,2.68954672953765,3.42308932807825,0,0,3.79299169099589,0,0,0,0,0,0,3.77322060254769,1.19392246847243,3.66632704964342,18,48,0,0,66,0,0,0,0,0,0,33,1,32
"377","0919_000302",919,3,7341,7641,10.167,39.126,0,0.468,49.293,0,0,0,0,0,0,56.401,1.674,27.522,2.41296300046365,3.69202450325801,0,0.383900930192324,3.91786590241141,0,0,0,0,0,0,4.05006172477655,0.983575478679751,3.35067571931457,10,68,0,1,78,0,0,0,0,0,0,55,1,30
"378","0919_000302",919,3,11541,11841,1.49,56.704,0,0,58.194,0,0,0,0,0,0,3.162,0,9.797,0.912282710476616,4.05532649520137,0,0,4.08082018540221,0,0,0,0,0,0,1.42599572797144,0,2.379268317765,2,89,0,0,91,0,0,0,0,0,0,3,0,9
"379","0919_000601",919,6,12989,13289,1.858,50.736,23.754,0,52.594,0,0,0,0,0,0,0.626,3.095,25.748,1.05012207950768,3.94615386414429,3.20898709211783,0,3.98143712151247,0,0,0,0,0,0,0.486123011125619,1.40976671730503,3.28645970419173,2,87,14,0,89,0,0,0,0,0,0,1,2,22
"380","0919_000601",919,6,14789,15089,0,82.535,0,0,82.535,0,0,0,0,0,0,0,0,0,0,4.42526570570974,0,0,4.42526570570974,0,0,0,0,0,0,0,0,0,0,90,0,0,90,0,0,0,0,0,0,0,0,0
"381","0919_000601",919,6,34589,34889,3.316,31.845,3.753,0,35.161,0,0,0,0,0,0,89.086,0,18.023,1.46232904739589,3.49179952634444,1.55877599763187,0,3.58798119000884,0,0,0,0,0,0,4.50076476963324,0,2.945648773386,2,46,2,0,48,0,0,0,0,0,0,61,0,17
"382","0919_000900",919,9,6618,6918,2.953,52.409,0,0,55.362,0,0,0,0,0,0,42.178,0.674,77.395,1.37447478431455,3.97797927109084,0,0,4.03179517256126,0,0,0,0,0,0,3.76533110627427,0.515215972067284,4.36176014981241,3,58,0,0,61,0,0,0,0,0,0,29,1,69
"383","0919_000900",919,9,9318,9618,0.374,7.974,0,0,8.348,1.494,0,0,0,0,0,41.34,0.879,13.728,0.317726193800158,2.19433150755379,0,0,2.23516241667661,0.913887847257845,0,0,0,0,0,3.74573226570672,0.630739720431328,2.68975044393078,1,18,0,0,19,1,0,0,0,0,0,37,2,19
"384","0919_000900",919,9,35418,35718,19.722,46.139,0,0.563,65.861,0,0,0,0,0,0,3.081,0.968,34.403,3.03119593782956,3.8531006838761,0,0.44660705143934,4.20261583750589,0,0,0,0,0,0,1.40634205642367,0.677017798630062,3.56679656231172,18,49,0,1,67,0,0,0,0,0,0,5,1,32
"385","0919_010530",919,18,7979,8279,21.861,39.467,0,6.338,61.328,0,0,0,0,0,9.689,13.712,0.742,43.792,3.12943240194183,3.70048682715565,0,1.99306632593309,4.13241076302856,0,0,0,0,0,2.36921517529181,2.68866348730202,0.555033878430311,3.80202955204659,25,57,0,5,82,0,0,0,0,0,2,6,1,45
"386","0919_010530",919,18,20879,21179,9.457,55.415,15.932,0,64.872,0,0,0,0.901,0,0,18.182,0.802,9.605,2.34727161061645,4.03273508059041,2.82920532265868,0,4.18771346502755,0,0,0,0.642380063506292,0,0,2.95397233930576,0.588897159186146,2.36132558801665,9,36,4,0,45,0,0,0,1,0,0,10,1,10
"387","0919_010530",919,18,30779,31079,3.015,54.149,0,1.426,57.164,0,0,0,0,0,0,20.526,0,4.385,1.39003734739873,4.01003861316884,0,0.886243810521858,4.06326660665124,0,0,0,0,0,0,3.06926150684211,0,1.68361731060835,2,86,0,2,88,0,0,0,0,0,0,16,0,4
"388","0932_000301",932,3,2816,3116,0,14.725,0,0,14.725,0,0,0,0,0,0,1.354,0,107.148,0,2.7552518025865,0,0,2.7552518025865,0,0,0,0,0,0,0.856116008838085,0,4.68350065939405,0,28,0,0,28,0,0,0,0,0,0,2,0,72
"389","0932_000301",932,3,12310,12610,2.926,34.815,0,0,37.741,0,0,0,0,0,0,36.521,0,1.99,1.36762109585427,3.57836680006641,0,0,3.65689847075876,0,0,0,0,0,0,3.62490077623488,0,1.0952733874026,3,49,0,0,52,0,0,0,0,0,0,30,0,3
"390","0938_000304",938,3,3226,3526,4.96,6.353,0.627,0,11.313,0,0,22.831,0,0,10.646,3.439,0,37.402,1.78507048107726,1.99510839321409,0.486737828236901,0,2.51065561481073,0,0,3.17098725414123,0,0,2.45496277341493,1.4904291258519,0,3.64810954157072,14,12,1,0,26,0,0,23,0,0,7,5,0,39
"391","0938_000304",938,3,5626,5926,0,19.69,25.38,0,19.69,0,0,128.709,0,0,0,0,0,2.359,0,3.02965049175745,3.27260614728917,0,3.02965049175745,0,0,4.86529347981704,0,0,0,0,0,1.21164331063016,0,32,24,0,32,0,0,54,0,0,0,0,0,3
"392","0938_000304",938,3,27826,28126,0,34.958,0,0,34.958,0,0,0,0,0,0,0,0,0,0,3.5823515907041,0,0,3.5823515907041,0,0,0,0,0,0,0,0,0,0,72,0,0,72,0,0,0,0,0,0,0,0,0
"393","0938_000604",938,6,12909,13209,0,47.004,0,2.532,47.004,0,0,0,0,0,0,24.744,2.494,37.208,0,3.87128434076919,0,1.26186428274171,3.87128434076919,0,0,0,0,0,0,3.24820159025003,1.25104721171186,3.64304491777014,0,65,0,3,65,0,0,0,0,0,0,26,2,37
"394","0938_000604",938,6,24609,24909,0.995,26.894,17.105,0,27.889,0,0,0,0,0,0,0.59,0,63.173,0.690644050341827,3.3284116119365,2.8961881432176,0,3.36346089982576,0,0,0,0,0,0,0.46373401623214,0,4.16158256148778,1,30,11,0,31,0,0,0,0,0,0,1,0,68
"395","0938_000604",938,6,33309,33609,0,42.981,0,0,42.981,0,0,0,0,0,71.936,52.796,0,27.898,0,3.78375772247612,0,0,3.78375772247612,0,0,0,0,0,4.2895823442826,3.9851991149613,0,3.36377238857142,0,54,0,0,54,0,0,0,0,0,43,48,0,32
"396","0938_000904",938,9,24521,24821,3.89,6.36,3.86,0.6,10.25,6.37,0,4.69,0,0,13.35,103.67,0,24.64,1.58719230348678,1.99605993274079,1.5810384379124,0.470003629245736,2.42036812865043,1.99741770620125,0,1.73871024813824,0,0,2.66374994220563,4.65081254386679,0,3.24415363205247,5,7,3,1,12,3,0,3,0,0,8,101,0,22
"397","0938_000904",938,9,29321,29621,0.907,75.918,0,0,76.825,0,0,0,0,0,0,81.226,1.143,10.171,0.645531326618282,4.3427399193425,0,0,4.35446271632767,0,0,0,0,0,0,4.40947155375246,0.76220671649144,2.41332113458871,1,61,0,0,62,0,0,0,0,0,0,54,2,10
"398","0938_000904",938,9,38921,39221,0,76.472,0.727,0,76.472,0,0,0,0,0,0,24.677,0,16.517,0,4.34991658075565,0.546385799164541,0,4.34991658075565,0,0,0,0,0,0,3.24559564956758,0,2.86317183796951,0,61,1,0,61,0,0,0,0,0,0,19,0,14
"399","0938_010603a",938,18,13397,13697,15.505,55.673,0,0.841,71.178,0,0,44.209,0,0,42.819,9.972,0,61.918,2.80366336530516,4.03729790684283,0,0.610308902250941,4.27913529032424,0,0,3.81129618206166,0,0,3.78006751327708,2.39534657307536,0,4.14183229128946,20,47,0,1,67,0,0,20,0,0,29,10,0,63
"400","0938_010603a",938,18,15197,15497,35.322,23.88,0,0,59.202,0,0,0,0,0,0,1.626,0,83.334,3.59242361829631,3.21406426787098,0,0,4.09770557435428,0,0,0,0,0,0,0.965461775880605,0,4.4347851051665,35,31,0,0,66,0,0,0,0,0,0,2,0,68
"401","0938_010603b",938,18,12600,12900,30.311,1.574,0,0,31.885,0,0,10.051,0,0,0,5.518,0.225,24.401,3.44396947350602,0.945461109173935,0,0,3.49301662675331,0,0,2.40252092160665,0,0,0,1.87456758041537,0.20294084399669,3.23478854332825,18,5,0,0,23,0,0,3,0,0,0,2,1,21
"402","0955_000301",955,3,4832,5132,12.548,21.082,11.82,0,33.63,0,0,0,0,0,0,0.475,0,0,2.60623893495553,3.09476279701695,2.55100645149252,0,3.54472035841433,0,0,0,0,0,0,0.388657989791783,0,0,14,26,13,0,40,0,0,0,0,0,0,1,0,0
"403","0955_000301",955,3,6932,7232,1.435,152.877,4.725,0,154.312,0,0,0,0,0,0,22.286,0,0,0.889946756534553,5.03615358198311,1.7448425494403,0,5.04543599696987,0,0,0,0,0,0,3.14785232161482,0,0,1,172,2,0,173,0,0,0,0,0,0,19,0,0
"404","0955_000301",955,3,13832,14132,0,59.522,10.599,0,59.522,0,0,0,0,0,0,0,0,0,0,4.10300693530075,2.45091888749974,0,4.10300693530075,0,0,0,0,0,0,0,0,0,0,66,6,0,66,0,0,0,0,0,0,0,0,0
"405","0955_000609",955,6,11087,11387,3.15,16.219,1.15,0.778,19.369,0,0,0,0,0,0,0,2.511,131.274,1.42310833424261,2.84601342530405,0.765467842139571,0.575489137091713,3.014014137232,0,0,0,0,0,0,0,1.2559008971863,4.88487552875406,2,24,1,1,26,0,0,0,0,0,0,0,2,62
"406","0955_000609",955,6,15587,15887,26.422,38.949,19.181,0,65.371,0,0,7.866,0,0,0,0,0,32.019,3.31134561093446,3.68760364060988,3.00474156771158,0,4.19526021409269,0,0,2.18222373632286,0,0,0,0,0,3.49708315335744,12,56,4,0,68,0,0,6,0,0,0,0,0,27
"407","0955_000609",955,6,35387,35687,0,130.187,11.587,0,130.187,0,0,0,0,0,0,6.437,0,0,0,4.87662378623486,2.53266453530937,0,4.87662378623486,0,0,0,0,0,0,2.00646754172116,0,0,0,94,7,0,94,0,0,0,0,0,0,9,0,0
"408","0955_010601",955,18,21233,21533,33.087,88.43,33.419,0,121.517,0,0,0,0,0,0,0,0,0,3.52891607993065,4.49345619635809,3.53860873748512,0,4.80824979586656,0,0,0,0,0,0,0,0,0,18,59,11,0,77,0,0,0,0,0,0,0,0,0
"409","0955_010601",955,18,32333,32633,17.8,25.291,3.058,21.752,43.091,0,0,0,0,0,0,19.707,0,72.572,2.9338568698359,3.26922667529492,1.40069024140362,3.12465305362083,3.78625567999266,0,0,0,0,0,0,3.03047180735789,0,4.29826451856855,24,62,6,19,86,0,0,0,0,0,0,26,0,101
"410","0955_010601",955,18,35333,35633,13.351,29.414,0,3.584,42.765,0,0,0,0,0,0,0,0,0,2.66381962618879,3.41490302871827,0,1.52257197941244,3.7788344111844,0,0,0,0,0,0,0,0,0,16,36,0,4,52,0,0,0,0,0,0,0,0,0
"411","0969_000304",969,3,2371,2671,0,4.787,0,0,4.787,0,0,0,0,0,0,14.294,1.011,3.778,0,1.7556140225917,0,0,1.7556140225917,0,0,0,0,0,0,2.72746059462203,0.698632110790515,1.56402204890362,0,11,0,0,11,0,0,0,0,0,0,16,1,3
"412","0969_000304",969,3,12571,12871,10.305,4.723,0,0,15.028,0,0,0,0,0,0,212.132,0.716,1.317,2.42524510572993,1.74449314342697,0,0,2.7743371927739,0,0,0,0,0,0,5.36191169207319,0.539996001065771,0.840273245450239,4,4,0,0,8,0,0,0,0,0,0,55,1,1
"413","0969_000304",969,3,25150,25450,0,3.786,10.529,0,3.786,0,0,0,0,0,0,11.771,0.786,13.671,0,1.56569498948618,2.44486560025082,0,1.56569498948618,0,0,0,0,0,0,2.54717697551412,0.579978482454307,2.68587275615751,0,8,3,0,8,0,0,0,0,0,0,13,1,14
"414","0969_000602",969,6,1613,1913,0,60.74,11.45,0,60.74,0,0,0,0,0,0,0,1.61,0,0,4.12293201907401,2.52172062291072,0,4.12293201907401,0,0,0,0,0,0,0,0.959350221334602,0,0,46,5,0,46,0,0,0,0,0,0,0,2,0
"415","0969_000602",969,6,26813,27113,8.895,71.36,0,0.455,80.255,0,0,0,0,0,0,23.08,0,0,2.29202957905453,4.28165366052709,0,0.375005900623456,4.39759235777797,0,0,0,0,0,0,3.18138162044062,0,0,10,80,0,1,90,0,0,0,0,0,0,17,0,0
"416","0969_000602",969,6,29813,30113,14.772,116.748,0,1.521,131.52,0,0,0,0,0,0,2.59,0,16.536,2.75823621601538,4.76854674761427,0,0.924655648205783,4.8867335774317,0,0,0,0,0,0,1.27815220250019,0,2.86425591076561,14,116,0,2,130,0,0,0,0,0,0,2,0,21
"417","0969_000905",969,9,3477,3777,0,14.245,0,0,14.245,0,0,0,0,0,0,4.643,0.956,31.147,0,2.72425158044022,0,0,2.72425158044022,0,0,0,0,0,0,1.730415838987,0.670901571612626,3.47031913373254,0,33,0,0,33,0,0,0,0,0,0,5,1,30
"418","0969_000905",969,9,34077,34377,13.799,72.672,0,0,86.471,0,0,0,0,0,0,22.559,3.34,0,2.69455961091971,4.29962280841907,0,0,4.47130730985755,0,0,0,0,0,0,3.15950791306085,1.46787434811231,0,12,60,0,0,72,0,0,0,0,0,0,18,6,0
"419","0969_000905",969,9,35577,35877,5.41,36.69,0,0,42.1,0,0,0,0,0,0,20.54,1.11,11.32,1.85785927093258,3.62939480727904,0,0,3.7635229971097,0,0,0,0,0,0,3.06991167172824,0.746687947487975,2.51122395810537,3,29,0,0,32,0,0,0,0,0,0,15,4,18
"420","0973_000304",973,3,14421,14721,0,0,0,0,0,0,0,0,0,0,0,0,0,0,0,0,0,0,0,0,0,0,0,0,0,0,0,0,0,0,0,0,0,0,0,0,0,0,0,0,0,0
"421","0973_000304",973,3,32421,32721,0,0,0,0,0,0,0,0,0,0,0,0,0,0,0,0,0,0,0,0,0,0,0,0,0,0,0,0,0,0,0,0,0,0,0,0,0,0,0,0,0,0
"422","0973_000304",973,3,56421,56721,0,0,0,0,0,0,0,0,0,0,0,0,0,0,0,0,0,0,0,0,0,0,0,0,0,0,0,0,0,0,0,0,0,0,0,0,0,0,0,0,0,0
"423","0973_000604",973,6,1562,1862,6.637,56.004,0,0,62.641,0,0,0,0,0,0,0,0,2.578,2.03300485590625,4.04312144081097,0,0,4.15325791673394,0,0,0,0,0,0,0,0,1.27480398508653,3,67,0,0,70,0,0,0,0,0,0,0,0,2
"424","0973_000604",973,6,3962,4262,8.5,57.26,0,0,65.76,0,0,0,0,0,0,0,0,51.68,2.2512917986065,4.06491575153129,0,0,4.20110409879363,0,0,0,0,0,0,0,0,3.96423587687508,5,59,0,0,64,0,0,0,0,0,0,0,0,36
"425","0973_000604",973,6,7562,7862,1.696,82.433,0,0,84.129,0,0,0,0,0,0,0,0,2.957,0.991769193050061,4.42404391455588,0,0,4.44416775308669,0,0,0,0,0,0,0,0,1.37548616240329,2,75,0,0,77,0,0,0,0,0,0,0,0,1
"426","0973_010603",973,18,7729,8029,43.765,19.481,7.703,1.079,63.246,0,0,0,0,0,0,11.935,0,31.35,3.80142658408612,3.01949762710425,2.16366779380738,0.731887008875876,4.16271946502795,0,0,0,0,0,0,2.55993681563799,0,3.47661402094691,30,27,4,2,57,0,0,0,0,0,0,8,0,31
"427","0973_010603",973,18,28129,28429,1.567,97.376,0,6.128,98.943,0,0,9.021,0,0,0,0.705,0,50.729,0.942737901889003,4.58879687187015,0,1.96403069016851,4.60460002347633,0,0,2.30468289107619,0,0,0,0.53356511073548,0,3.9460185526861,3,117,0,6,120,0,0,6,0,0,0,1,0,63
"428","0973_010603",973,18,30529,30829,21.745,26.404,0,1.205,48.149,0,0,0,0,0,0,14.945,0,55.786,3.12434534102197,3.31068898814065,0,0.790727508898809,3.89485650050624,0,0,0,0,0,0,2.76914530046202,0,4.03928981647296,27,39,0,2,66,0,0,0,0,0,0,12,0,60
