"","File_Name","Child_ID","Child_Age","Start_Time","End_Time","Child_C","Child_X","Child_R","Child_L","Adult_Lyrical_N","Adult_Lyrical_U","Adult_Lyrical_T","Adult_NonLyrical_N","Adult_NonLyrical_U","Adult_NonLyrical_T","Adult_NoMusic_N","Adult_NoMusic_U","Adult_NoMusic_T","Child_C_log","Child_X_log","Child_R_log","Child_L_log","Adult_Lyrical_N_log","Adult_Lyrical_U_log","Adult_Lyrical_T_log","Adult_NonLyrical_N_log","Adult_NonLyrical_U_log","Adult_NonLyrical_T_log","Adult_NoMusic_N_log","Adult_NoMusic_U_log","Adult_NoMusic_T_log","Child_C_count","Child_X_count","Child_R_count","Child_L_count","Adult_Lyrical_N_count","Adult_Lyrical_U_count","Adult_Lyrical_T_count","Adult_NonLyrical_N_count","Adult_NonLyrical_U_count","Adult_NonLyrical_T_count","Adult_NoMusic_N_count","Adult_NoMusic_U_count","Adult_NoMusic_T_count"
"7","0009_000901",9,9,10106,10406,1.41,22.618,0,0,0,0,0,0,0,0,53.95,1.133,16.841,0.344298672870677,3.11879026104584,-6.90775527898214,-6.90775527898214,-6.90775527898214,-6.90775527898214,-6.90775527898214,-6.90775527898214,-6.90775527898214,-6.90775527898214,3.98807622721355,0.12575120530556,2.8238757666078,2,31,0,0,0,0,0,0,0,0,44,1,18
"8","0009_000901",9,9,12506,12806,5.553,13.192,0,2.935,0,0,0,0,0,0,17.632,5,58.741,1.71451838888461,2.57968638590164,-6.90775527898214,1.07704811075227,-6.90775527898214,-6.90775527898214,-6.90775527898214,-6.90775527898214,-6.90775527898214,-6.90775527898214,2.86977214642579,1.60963789243677,4.0731549735395,7,19,0,5,0,0,0,0,0,0,16,3,39
"9","0009_000901",9,9,15206,15506,16.357,8.607,0.52,0,0,0,0,0,0,0,21.099,15.522,16.79,2.79471707431278,2.15269200341943,-0.65200523722877,-6.90775527898214,-6.90775527898214,-6.90775527898214,-6.90775527898214,-6.90775527898214,-6.90775527898214,-6.90775527898214,3.04927304048202,2.74232279504431,2.82084302857733,12,19,1,0,0,0,0,0,0,0,10,14,10
"10","0009_010603",9,18,7580,7880,20.553,30.141,0,1.437,0,0,0,0,0,0,16.585,0,5.4,3.02305556920288,3.40591954799748,-6.90775527898214,0.363253259298855,-6.90775527898214,-6.90775527898214,-6.90775527898214,-6.90775527898214,-6.90775527898214,-6.90775527898214,2.80855896602901,-6.90775527898214,1.68658412161075,12,52,0,2,0,0,0,0,0,0,12,0,3
"11","0009_010603",9,18,11180,11480,25.71,15.871,0,0,0,0,0,0,0,0,11.04,0,24.351,3.24691891589284,2.76455655054252,-6.90775527898214,-6.90775527898214,-6.90775527898214,-6.90775527898214,-6.90775527898214,-6.90775527898214,-6.90775527898214,-6.90775527898214,2.401615616457,-6.90775527898214,3.19261398167928,41,32,0,0,0,0,0,0,0,0,9,0,33
"12","0009_010603",9,18,32480,32780,20.01,28.708,0,0,0,0,0,0,0,0,37.373,0,15.884,2.99628212235943,3.35721066245704,-6.90775527898214,-6.90775527898214,-6.90775527898214,-6.90775527898214,-6.90775527898214,-6.90775527898214,-6.90775527898214,-6.90775527898214,3.62097527550006,-6.90775527898214,2.76537526772148,29,54,0,0,0,0,0,0,0,0,30,0,16
"19","0014_000903",14,9,11410,11710,0,13.45,0,0,0,0,44.76,0,0,7.69,4.59,0.97,20.25,-6.90775527898214,2.59905345272644,-6.90775527898214,-6.90775527898214,-6.90775527898214,-6.90775527898214,3.80133722457039,-6.90775527898214,-6.90775527898214,2.04005081407492,1.52409786526709,-0.0294288106908122,3.00820417504931,0,18,0,0,0,0,11,0,0,7,3,1,22
"20","0014_000903",14,9,23710,24010,3.49,69.48,0,0,0,0,0,0,0,0,4.55,0,0,1.2501882281229,4.2410533339003,-6.90775527898214,-6.90775527898214,-6.90775527898214,-6.90775527898214,-6.90775527898214,-6.90775527898214,-6.90775527898214,-6.90775527898214,1.5153469890345,-6.90775527898214,-6.90775527898214,4,149,0,0,0,0,0,0,0,0,3,0,0
"21","0014_000903",14,9,28810,29110,0.43,41.17,47.91,0,0,0,0,0,0,0,1.52,0,6.62,-0.841647188878389,3.71773412501804,3.86934512314642,-6.90775527898214,-6.90775527898214,-6.90775527898214,-6.90775527898214,-6.90775527898214,-6.90775527898214,-6.90775527898214,0.419368013277156,-6.90775527898214,1.89024641594271,1,60,38,0,0,0,0,0,0,0,1,0,5
"22","0014_010600",14,18,20166,20466,15.875,15.62,0,0,0,0,0,0,0,0,1.969,0,0,2.76480853492082,2.74861616284887,-6.90775527898214,-6.90775527898214,-6.90775527898214,-6.90775527898214,-6.90775527898214,-6.90775527898214,-6.90775527898214,-6.90775527898214,0.678033542749897,-6.90775527898214,-6.90775527898214,25,24,0,0,0,0,0,0,0,0,2,0,0
"23","0014_010600",14,18,33066,33366,32.205,41.799,0,0,0,0,0,0,0,0,8.916,0,11.678,3.4721527705958,3.73289633953071,-6.90775527898214,-6.90775527898214,-6.90775527898214,-6.90775527898214,-6.90775527898214,-6.90775527898214,-6.90775527898214,-6.90775527898214,2.18795956715274,-6.90775527898214,2.45779235729643,33,42,0,0,0,0,0,0,0,0,9,0,14
"24","0014_010600",14,18,39066,39366,2.695,138.319,9.953,0,0,0,0,0,0,0,0,0,0,0.991769193050061,4.92956984137503,2.29797448043636,-6.90775527898214,-6.90775527898214,-6.90775527898214,-6.90775527898214,-6.90775527898214,-6.90775527898214,-6.90775527898214,-6.90775527898214,-6.90775527898214,-6.90775527898214,1,164,4,0,0,0,0,0,0,0,0,0,0
"31","0039_000904",39,9,6678,6978,8.16,131.6,0,0,0,0,0,0,0,0,8.35,0.5,0,2.09936671048711,4.87977461764654,-6.90775527898214,-6.90775527898214,-6.90775527898214,-6.90775527898214,-6.90775527898214,-6.90775527898214,-6.90775527898214,-6.90775527898214,2.12238129217109,-0.691149177897272,-6.90775527898214,6,59,0,0,0,0,0,0,0,0,6,1,0
"32","0039_000904",39,9,11478,11778,29.299,77.859,0,0,0,0,0,0,0,0,0,0,0,3.37758751602302,4.35491234218231,-6.90775527898214,-6.90775527898214,-6.90775527898214,-6.90775527898214,-6.90775527898214,-6.90775527898214,-6.90775527898214,-6.90775527898214,-6.90775527898214,-6.90775527898214,-6.90775527898214,13,54,0,0,0,0,0,0,0,0,0,0,0
"33","0039_000904",39,9,33078,33378,2.558,40.297,0,0,0,0,0,0,0,0,46.681,0,10.364,0.939616557177652,3.69630183992957,-6.90775527898214,-6.90775527898214,-6.90775527898214,-6.90775527898214,-6.90775527898214,-6.90775527898214,-6.90775527898214,-6.90775527898214,3.843358651402,-6.90775527898214,2.33843474588774,1,41,0,0,0,0,0,0,0,0,26,0,10
"34","0039_010604",39,18,7006,7306,41.883,16.127,0,0,0,0,0,0,0,0,37.863,0,10.858,3.73490389242522,2.78055689188896,-6.90775527898214,-6.90775527898214,-6.90775527898214,-6.90775527898214,-6.90775527898214,-6.90775527898214,-6.90775527898214,-6.90775527898214,3.63400079260395,-6.90775527898214,2.38499422923476,49,23,0,0,0,0,0,0,0,0,25,0,9
"35","0039_010604",39,18,9406,9706,41.421,23.817,0,0,0,0,0,0,0,0,0.837,0,0,3.72381214065396,3.1704415973458,-6.90775527898214,-6.90775527898214,-6.90775527898214,-6.90775527898214,-6.90775527898214,-6.90775527898214,-6.90775527898214,-6.90775527898214,-0.176737178500054,-6.90775527898214,-6.90775527898214,42,24,0,0,0,0,0,0,0,0,1,0,0
"36","0039_010604",39,18,29806,30106,30.668,83.036,0,0,0,0,0,0,0,0,22.579,0,0,3.42325237244299,4.41928629159735,-6.90775527898214,-6.90775527898214,-6.90775527898214,-6.90775527898214,-6.90775527898214,-6.90775527898214,-6.90775527898214,-6.90775527898214,3.11706455872152,-6.90775527898214,-6.90775527898214,25,53,0,0,0,0,0,0,0,0,24,0,0
"43","0054_000902",54,9,11387,11687,0.552,70.814,44.864,0.59,0,0,0,0,0,0,17.545,0,28.315,-0.592397277459802,4.26007084266636,3.80365798075002,-0.525939261576039,-6.90775527898214,-6.90775527898214,-6.90775527898214,-6.90775527898214,-6.90775527898214,-6.90775527898214,2.86482600370619,-6.90775527898214,3.34342701591194,1,59,19,1,0,0,0,0,0,0,11,0,22
"44","0054_000902",54,9,38087,38387,0,7.61,36.825,0,11.78,0,133.507,0,0,0,28.09,1.74,12.27,-6.90775527898214,2.02959456928525,3.60620411744503,-6.90775527898214,2.46648806426398,-6.90775527898214,4.8941614011385,-6.90775527898214,-6.90775527898214,-6.90775527898214,3.33544924034009,0.554459660786052,2.50723875499441,0,7,14,0,3,0,30,0,0,0,17,1,6
"45","0054_010617",54,18,22325,22625,0,16.124,212.653,0,0,0,0,0,0,0,0,0,0,-6.90775527898214,2.78037086268184,5.35966643177432,-6.90775527898214,-6.90775527898214,-6.90775527898214,-6.90775527898214,-6.90775527898214,-6.90775527898214,-6.90775527898214,-6.90775527898214,-6.90775527898214,-6.90775527898214,0,18,82,0,0,0,0,0,0,0,0,0,0
"46","0054_010617",54,18,40325,40625,17.996,18.526,3.237,0,0,0,0,0,0,0,11.276,0,2.457,2.89020507733907,2.91922912756788,1.17495585525544,-6.90775527898214,-6.90775527898214,-6.90775527898214,-6.90775527898214,-6.90775527898214,-6.90775527898214,-6.90775527898214,2.42276525325015,-6.90775527898214,0.899348011143843,17,28,3,0,0,0,0,0,0,0,9,0,2
"53","0056_000903",56,9,39195,39495,1.825,33.394,0,0,3.021,0,0,0,0,7.373,6.851,0,10.662,0.602127782172777,3.5084061881776,-6.90775527898214,-6.90775527898214,1.10591886385055,-6.90775527898214,-6.90775527898214,-6.90775527898214,-6.90775527898214,1.99796029981195,1.92454058046187,-6.90775527898214,2.36677980503604,4,42,0,0,2,0,0,0,0,3,6,0,11
"54","0056_000903",56,9,41295,41595,1.495,21.269,8.885,9.358,0,0,0,0,0,0,21.338,1.59,56.594,0.402794879552285,3.05729762921215,2.18447700451372,2.23633844717512,-6.90775527898214,-6.90775527898214,-6.90775527898214,-6.90775527898214,-6.90775527898214,-6.90775527898214,3.06053638441949,0.46436274935565,4.03592064208438,1,28,8,6,0,0,0,0,0,0,24,2,49
"55","0056_000903",56,9,45495,45795,0,30.418,0,11.896,11.785,0,24.149,1.221,0,0,31.564,0,12.448,-6.90775527898214,3.41506741318102,-6.90775527898214,2.47628626749439,2.46691238641572,-6.90775527898214,3.18428438009858,0.200488860749404,-6.90775527898214,-6.90775527898214,3.45204891181959,-6.90775527898214,2.52164029839965,0,46,0,9,7,0,20,1,0,0,26,0,8
"56","0056_010602",56,18,8848,9148,16.99,43.614,0,5.827,0,0,0,0,0,0,5.822,0,33.609,2.83268379210362,3.77540112788518,-6.90775527898214,1.76267388833296,-6.90775527898214,-6.90775527898214,-6.90775527898214,-6.90775527898214,-6.90775527898214,-6.90775527898214,1.76181559285498,-6.90775527898214,3.51482364173701,21,61,0,5,0,0,0,0,0,0,5,0,34
"57","0056_010602",56,18,12148,12448,31.133,34.601,0,0,0,0,0,0,0,0,3.402,3.168,13.167,3.43830046961366,3.54391148386133,-6.90775527898214,-6.90775527898214,-6.90775527898214,-6.90775527898214,-6.90775527898214,-6.90775527898214,-6.90775527898214,-6.90775527898214,1.22465739551877,1.15341608070878,2.57778964393471,27,34,0,0,0,0,0,0,0,0,6,4,21
"58","0056_010602",56,18,13648,13948,58.523,19.899,0,0,0,0,6.79,0,0,2.026,41.356,2.695,27.282,4.06943692651592,2.99071973173045,-6.90775527898214,-6.90775527898214,-6.90775527898214,-6.90775527898214,1.91559820613165,-6.90775527898214,-6.90775527898214,0.706556867469863,3.72224169372034,0.991769193050061,3.30626379760342,56,27,0,0,0,0,3,0,0,1,22,3,22
"60","0099_000902",99,9,15715,16015,2.27,43.515,2.15,4.07,0,0,0,0,0,0,6.2,0,17.56,0.820220263123421,3.77312868655884,0.765932850285593,1.40388866952084,-6.90775527898214,-6.90775527898214,-6.90775527898214,-6.90775527898214,-6.90775527898214,-6.90775527898214,1.82471056936774,-6.90775527898214,2.86568053419372,1,61,1,5,0,0,0,0,0,0,6,0,15
"67","0109_000907",109,9,4904,5204,3.701,43.939,12.123,1.727,0,0,0,0,0,2.287,12.251,0,48.467,1.30887321415131,3.78282506695646,2.49518695919556,0.546964670381864,-6.90775527898214,-6.90775527898214,-6.90775527898214,-6.90775527898214,-6.90775527898214,0.827678073517551,2.50568918897053,-6.90775527898214,3.88090378636928,2,29,4,1,0,0,0,0,0,2,10,0,47
"68","0109_000907",109,9,8804,9104,14.397,56.176,0,0,0,0,0,0,0,0,0.731,0,10.468,2.66708930804711,4.02850742046388,-6.90775527898214,-6.90775527898214,-6.90775527898214,-6.90775527898214,-6.90775527898214,-6.90775527898214,-6.90775527898214,-6.90775527898214,-0.311974765020825,-6.90775527898214,2.34841850933722,19,49,0,0,0,0,0,0,0,0,1,0,7
"69","0109_000907",109,9,27104,27404,8.206,35.505,10.759,0.763,0,0,0,0,0,0,2.842,0,36.892,2.10498744864757,3.56970169628461,2.37583555473364,-0.269187489815617,-6.90775527898214,-6.90775527898214,-6.90775527898214,-6.90775527898214,-6.90775527898214,-6.90775527898214,1.04485983266886,-6.90775527898214,3.60802183115378,5,37,3,1,0,0,0,0,0,0,3,0,38
"70","0109_010606",109,18,1417,1717,37.536,18.527,0,4.868,0,0,0,0,0,0,0,0,0,3.62532711320742,2.91928310139058,-6.90775527898214,1.58288857720056,-6.90775527898214,-6.90775527898214,-6.90775527898214,-6.90775527898214,-6.90775527898214,-6.90775527898214,-6.90775527898214,-6.90775527898214,-6.90775527898214,40,24,0,5,0,0,0,0,0,0,0,0,0
"71","0109_010606",109,18,11017,11317,27.632,39.527,3.905,4.639,0,0,0,0,0,0,0,0,0,3.31901071067421,3.67700928154345,1.36251383245449,1.53471436623816,-6.90775527898214,-6.90775527898214,-6.90775527898214,-6.90775527898214,-6.90775527898214,-6.90775527898214,-6.90775527898214,-6.90775527898214,-6.90775527898214,27,43,2,3,0,0,0,0,0,0,0,0,0
"72","0109_010606",109,18,18217,18517,20.68,46.291,2,0.46,0,0,0,0,0,0,0,0,0,3.02921540437054,3.83496915998583,0.693647055601596,-0.774357235985488,-6.90775527898214,-6.90775527898214,-6.90775527898214,-6.90775527898214,-6.90775527898214,-6.90775527898214,-6.90775527898214,-6.90775527898214,-6.90775527898214,22,38,1,1,0,0,0,0,0,0,0,0,0
"85","0193_000900",193,9,6137,6437,0,22.745,0,1.322,0,0,0,0,0,0,3.561,0,31.182,-6.90775527898214,3.12438930576225,-6.90775527898214,0.279901885132819,-6.90775527898214,-6.90775527898214,-6.90775527898214,-6.90775527898214,-6.90775527898214,-6.90775527898214,1.27032218486747,-6.90775527898214,3.43987307452399,0,45,0,4,0,0,0,0,0,0,2,0,36
"86","0193_000900",193,9,33437,33737,0,32.739,0.27,0,0,0,0,0,0,0,3.216,0,9.24,-6.90775527898214,3.48859757194299,-1.30563645810244,-6.90775527898214,-6.90775527898214,-6.90775527898214,-6.90775527898214,-6.90775527898214,-6.90775527898214,-6.90775527898214,1.16844924825689,-6.90775527898214,2.2236501049059,0,30,1,0,0,0,0,0,0,0,2,0,8
"87","0193_000900",193,9,40637,40937,1.451,15.9,10.335,1.099,0,0,0,0,0,0,24.975,0,52.518,0.372941916402604,2.76638200033026,2.33563294704025,0.0953101798043247,-6.90775527898214,-6.90775527898214,-6.90775527898214,-6.90775527898214,-6.90775527898214,-6.90775527898214,3.21791536377308,-6.90775527898214,3.96117500888775,2,23,5,4,0,0,0,0,0,0,24,0,47
"88","0193_010605b",193,18,660,960,33.547,33.741,0,0,0,0,0,0,0,0,7.806,2.021,0,3.51297724912217,3.51874335218378,-6.90775527898214,-6.90775527898214,-6.90775527898214,-6.90775527898214,-6.90775527898214,-6.90775527898214,-6.90775527898214,-6.90775527898214,2.05502076713815,0.70408712059828,-6.90775527898214,38,39,0,0,0,0,0,0,0,0,7,2,0
"89","0193_010605b",193,18,13860,14160,14.397,25.984,9.218,2.606,0,0,0,0,0,0,49.048,1.34,13.796,2.66708930804711,3.25751944846041,2.22126657181646,0.958200134951365,-6.90775527898214,-6.90775527898214,-6.90775527898214,-6.90775527898214,-6.90775527898214,-6.90775527898214,3.89281979844371,0.293415604299541,2.6244511772259,15,44,5,9,0,0,0,0,0,0,37,1,13
"90","0193_010605b",193,18,19560,19860,12.229,24.133,0,0.858,0,0,0,0,0,0,104.69,5.996,3.932,2.50389194969908,3.18362163465141,-6.90775527898214,-0.151986356997882,-6.90775527898214,-6.90775527898214,-6.90775527898214,-6.90775527898214,-6.90775527898214,-6.90775527898214,4.65101315429634,1.79125934418637,1.36940249344967,12,32,0,1,0,0,0,0,0,0,81,3,4
"97","0205_000901",205,9,1504,1804,12.415,38.11,4.395,0,0,0,0,0,0,0,1.725,0.955,29.82,2.51898596344086,3.64050295437358,1.48069503654137,-6.90775527898214,-6.90775527898214,-6.90775527898214,-6.90775527898214,-6.90775527898214,-6.90775527898214,-6.90775527898214,0.545806592661236,-0.0449973659307357,3.3952128433149,14,60,3,0,0,0,0,0,0,0,1,2,57
"98","0205_000901",205,9,3604,3904,27.328,33.653,0,0,0,0,0,0,0,0,2.763,0,9.82,3.30794840944252,3.51613191975426,-6.90775527898214,-6.90775527898214,-6.90775527898214,-6.90775527898214,-6.90775527898214,-6.90775527898214,-6.90775527898214,-6.90775527898214,1.01667890590542,-6.90775527898214,2.28452295017564,23,46,0,0,0,0,0,0,0,0,3,0,12
"99","0205_000901",205,9,25204,25504,11.246,75.064,0,2.246,0,0,0,0,0,0,0,0,0,2.42010142642188,4.31835440486427,-6.90775527898214,0.809595993203192,-6.90775527898214,-6.90775527898214,-6.90775527898214,-6.90775527898214,-6.90775527898214,-6.90775527898214,-6.90775527898214,-6.90775527898214,-6.90775527898214,23,105,0,2,0,0,0,0,0,0,0,0,0
"100","0205_010601",205,18,15821,16121,53.658,36.88,0,0,0,0,0,0,0,0,28.559,0,14.953,3.98264920896844,3.60769651328825,-6.90775527898214,-6.90775527898214,-6.90775527898214,-6.90775527898214,-6.90775527898214,-6.90775527898214,-6.90775527898214,-6.90775527898214,3.35200713747138,-6.90775527898214,2.70497882257772,52,21,0,0,0,0,0,0,0,0,26,0,19
"101","0205_010601",205,18,31721,32021,78.143,7.021,0,1.264,0,0,0,0,0,0,0,0,69.659,4.35855327848824,1.94904807774624,-6.90775527898214,0.235072122179483,-6.90775527898214,-6.90775527898214,-6.90775527898214,-6.90775527898214,-6.90775527898214,-6.90775527898214,-6.90775527898214,-6.90775527898214,4.24362626493785,61,11,0,2,0,0,0,0,0,0,0,0,79
"102","0205_010601",205,18,39821,40121,80.55,32.467,0,1.135,0,0,0,0,0,0,2.895,0.584,8.659,4.38889052419521,3.48025498889893,-6.90775527898214,0.12751332029896,-6.90775527898214,-6.90775527898214,-6.90775527898214,-6.90775527898214,-6.90775527898214,-6.90775527898214,1.06333047452347,-0.536143431750281,2.15871472257434,60,32,0,2,0,0,0,0,0,0,4,1,8
"109","0223_000905",223,9,326,626,18.813,12.255,0,0,0,0,0,0,0,0,0.731,0,23.266,2.93460127354976,2.50601561299824,-6.90775527898214,-6.90775527898214,-6.90775527898214,-6.90775527898214,-6.90775527898214,-6.90775527898214,-6.90775527898214,-6.90775527898214,-0.311974765020825,-6.90775527898214,3.14703604764516,24,21,0,0,0,0,0,0,0,0,1,0,21
"110","0223_000905",223,9,35126,35426,1.48,13.934,0,0,0,0,0,0,0,0,25.153,4.48,4.609,0.392717535285662,2.63440366093391,-6.90775527898214,-6.90775527898214,-6.90775527898214,-6.90775527898214,-6.90775527898214,-6.90775527898214,-6.90775527898214,-6.90775527898214,3.22501692962496,1.49984623580401,1.52822785700856,2,20,0,0,0,0,0,0,0,0,21,2,8
"111","0223_000905",223,9,39026,39326,0,3.595,6.278,0,0,0,4.965,0,0,7.112,0.858,1.783,82.826,-6.90775527898214,1.27982211660937,1.83721073213197,-6.90775527898214,-6.90775527898214,-6.90775527898214,1.60261468708597,-6.90775527898214,-6.90775527898214,1.96192409575138,-0.151986356997882,0.578858034157818,4.41675409519294,0,6,6,0,0,0,2,0,0,4,1,2,41
"112","0223_010609",223,18,2676,2976,4.616,35.643,0,24.151,0,0,0,0,0,0,94.591,0.537,49.364,1.52974514352485,3.57358082975047,-6.90775527898214,3.18436719240454,-6.90775527898214,-6.90775527898214,-6.90775527898214,-6.90775527898214,-6.90775527898214,-6.90775527898214,4.54957290588568,-0.619896718820353,3.89924167106341,5,36,0,14,0,0,0,0,0,0,68,1,36
"113","0223_010609",223,18,22176,22476,8.583,14.798,0,0.537,0,0,0,0,0,0,132.71,0.879,29.096,2.1499000053284,2.69455961091971,-6.90775527898214,-0.619896718820353,-6.90775527898214,-6.90775527898214,-6.90775527898214,-6.90775527898214,-6.90775527898214,-6.90775527898214,4.88817383164796,-0.127833371509885,3.37063507607952,12,27,0,1,0,0,0,0,0,0,80,1,22
"114","0223_010609",223,18,25776,26076,19.48,6,0,0,0,0,0,1.61,0,0,23.32,1.46,13.88,2.96943963159907,1.79192612200738,-6.90775527898214,-6.90775527898214,-6.90775527898214,-6.90775527898214,-6.90775527898214,0.476855104194837,-6.90775527898214,-6.90775527898214,3.14935424220956,0.379121132768562,2.63052099859297,32,8,0,0,0,0,0,1,0,0,17,2,9
"122","0225_000901",225,9,2588,2888,1.44,36.921,74.139,0,0,0,0,0,0,0,46.734,0.736,5.285,0.365337317017385,3.60880757934838,4.30595519772259,-6.90775527898214,-6.90775527898214,-6.90775527898214,-6.90775527898214,-6.90775527898214,-6.90775527898214,-6.90775527898214,3.84449334863455,-0.3051673867928,1.6650618161821,1,28,22,0,0,0,0,0,0,0,36,1,5
"123","0225_000901",225,9,14588,14888,0,45.483,165.477,0,0,0,0,0,0,0,0,0,0,-6.90775527898214,3.81736061576248,5.10883825546748,-6.90775527898214,-6.90775527898214,-6.90775527898214,-6.90775527898214,-6.90775527898214,-6.90775527898214,-6.90775527898214,-6.90775527898214,-6.90775527898214,-6.90775527898214,0,37,71,0,0,0,0,0,0,0,0,0,0
"124","0225_000901",225,9,21992,22292,0,18.183,14.744,0,0,0,0,0,0,0,117.895,0,7.716,-6.90775527898214,2.90054208655024,2.69090404226724,-6.90775527898214,-6.90775527898214,-6.90775527898214,-6.90775527898214,-6.90775527898214,-6.90775527898214,-6.90775527898214,4.76980287991096,-6.90775527898214,2.04342568747547,0,18,7,0,0,0,0,0,0,0,75,0,4
"125","0225_010601",225,18,24796,25096,4.774,16.236,28.425,19.797,0,0,0,0,0,0,26.141,0,15.406,1.56339397393269,2.78729258860498,3.34730421931682,2.98558092249762,-6.90775527898214,-6.90775527898214,-6.90775527898214,-6.90775527898214,-6.90775527898214,-6.90775527898214,3.26354321636336,-6.90775527898214,2.73482195159964,2,15,15,6,0,0,0,0,0,0,14,0,15
"126","0225_010601",225,18,33796,34096,8.43,38.344,19.422,0,0,0,0,0,0,0,10.45,0.44,8.096,2.13191538894054,3.64662414121682,2.96645793085,-6.90775527898214,-6.90775527898214,-6.90775527898214,-6.90775527898214,-6.90775527898214,-6.90775527898214,-6.90775527898214,2.34669766761237,-0.818710403535291,2.09149362270398,6,29,12,0,0,0,0,0,0,0,11,1,7
"127","0225_010601",225,18,36196,36496,4.203,36.525,1.901,0,0,0,0,0,0,0,33.347,0,5.429,1.4360364530147,3.59802433576985,0.642905964123199,-6.90775527898214,-6.90775527898214,-6.90775527898214,-6.90775527898214,-6.90775527898214,-6.90775527898214,-6.90775527898214,3.50699780054837,-6.90775527898214,1.69193913394584,3,37,1,0,0,0,0,0,0,0,23,0,6
"134","0236_000904",236,9,15954,16254,8.84,57.77,0,0,0,0,0,0,0,0,0.715,0,70.555,2.17939999242367,4.05648691966586,-6.90775527898214,-6.90775527898214,-6.90775527898214,-6.90775527898214,-6.90775527898214,-6.90775527898214,-6.90775527898214,-6.90775527898214,-0.334075112021491,-6.90775527898214,4.25640672074923,5,86,0,0,0,0,0,0,0,0,1,0,49
"135","0236_000904",236,9,20454,20754,0,73.971,0,0,0,0,0,0,0,0,1.913,3.214,109.091,-6.90775527898214,4.30368664322263,-6.90775527898214,-6.90775527898214,-6.90775527898214,-6.90775527898214,-6.90775527898214,-6.90775527898214,-6.90775527898214,-6.90775527898214,0.649195293030763,1.16782735768958,4.69219156292772,0,96,0,0,0,0,0,0,0,0,1,3,83
"136","0236_000904",236,9,24054,24354,18.88,54.93,4.18,0,0,0,0,0,0,0,8,0.15,52.41,2.9381561254164,4.00607785217699,1.43055045237443,-6.90775527898214,-6.90775527898214,-6.90775527898214,-6.90775527898214,-6.90775527898214,-6.90775527898214,-6.90775527898214,2.07956653386799,-1.89047544216721,3.95911649296023,11,66,6,0,0,0,0,0,0,0,6,1,46
"137","0236_010600",236,18,2790,3090,6.673,31.256,0,0.465,0,0,0,0,0,0,4.277,0.859,95.221,1.89821938032918,3.44224335109816,-6.90775527898214,-0.763569644856491,-6.90775527898214,-6.90775527898214,-6.90775527898214,-6.90775527898214,-6.90775527898214,-6.90775527898214,1.45348561066021,-0.150822889734584,4.55621100753655,8,33,0,1,0,0,0,0,0,0,6,1,77
"138","0236_010600",236,18,31880,32180,15.393,13.647,37.09,0.324,0,0,0,0,0,0,77.543,1.495,35.006,2.73397782311213,2.61359299074932,3.61337435258318,-1.1239300966524,-6.90775527898214,-6.90775527898214,-6.90775527898214,-6.90775527898214,-6.90775527898214,-6.90775527898214,4.35084551719031,0.402794879552285,3.55554804149208,12,13,20,1,0,0,0,0,0,0,59,2,31
"139","0236_010600",236,18,40580,40880,54.076,41.864,0.517,0.488,0,0,0,0,0,5.978,106.341,0,17.643,3.99040895682322,3.73445015565639,-0.657780036722654,-0.715392789507265,-6.90775527898214,-6.90775527898214,-6.90775527898214,-6.90775527898214,-6.90775527898214,1.78825332989877,4.6666603154976,-6.90775527898214,2.87039578224269,38,40,1,1,0,0,0,0,0,3,86,0,16
"146","0274_000911",274,9,17349,17649,0,9.915,0,14.501,0,0,21.238,0,0,11.114,33.327,0,35.265,-6.90775527898214,2.29414961417294,-6.90775527898214,2.6742865709494,-6.90775527898214,-6.90775527898214,3.05583911428611,-6.90775527898214,-6.90775527898214,2.40829554741616,3.50639788451862,-6.90775527898214,3.56291932698573,0,18,0,18,0,0,10,0,0,4,28,0,42
"147","0274_000911",274,9,30549,30849,10.248,47.288,0,4.026,0,0,0,0,0,0,0.595,0,0,2.32718013984943,3.85627771031251,-6.90775527898214,1.39302168186932,-6.90775527898214,-6.90775527898214,-6.90775527898214,-6.90775527898214,-6.90775527898214,-6.90775527898214,-0.517514611916787,-6.90775527898214,-6.90775527898214,6,45,0,4,0,0,0,0,0,0,1,0,0
"148","0274_000911",274,9,32949,33249,16.401,51.403,0,0.93,0,0,0,0,0,0,13.278,0,0,2.79740327861422,3.93971599044489,-6.90775527898214,-0.07149600170507,-6.90775527898214,-6.90775527898214,-6.90775527898214,-6.90775527898214,-6.90775527898214,-6.90775527898214,2.58618384000819,-6.90775527898214,-6.90775527898214,13,43,0,2,0,0,0,0,0,0,9,0,0
"149","0274_010611",274,18,10446,10746,1.441,26.256,0,17.126,0,0,0,0,0,0,16.478,5.729,6.136,0.366031038862757,3.26793262015506,-6.90775527898214,2.84065616565023,-6.90775527898214,-6.90775527898214,-6.90775527898214,-6.90775527898214,-6.90775527898214,-6.90775527898214,2.80208684302859,1.74571553072665,1.81433602340696,2,21,0,6,0,0,0,0,0,0,15,5,5
"150","0274_010611",274,18,28746,29046,3.446,12.513,0,0,0,0,0,0,0,0,26.024,0.403,25.19,1.23750428753473,2.52684801757617,-6.90775527898214,-6.90775527898214,-6.90775527898214,-6.90775527898214,-6.90775527898214,-6.90775527898214,-6.90775527898214,-6.90775527898214,3.25905761450103,-0.906340401020987,3.22648678786954,4,22,0,0,0,0,0,0,0,0,27,1,31
"151","0274_010611",274,18,32346,32646,1.856,53.487,0,0,0,0,0,0,0,2.586,11.969,0,0,0.618962282370569,3.97945732967774,-6.90775527898214,-6.90775527898214,-6.90775527898214,-6.90775527898214,-6.90775527898214,-6.90775527898214,-6.90775527898214,0.950498903203892,2.48240351956988,-6.90775527898214,-6.90775527898214,3,33,0,0,0,0,0,0,0,1,17,0,0
"158","0275_000908",275,9,16373,16673,0.547,17.144,7.796,0,2.253,0,0,0,0,0,8.812,3.542,2.616,-0.601479992034121,2.84170658591488,2.05373904432746,-6.90775527898214,0.812706415617585,-6.90775527898214,-6.90775527898214,-6.90775527898214,-6.90775527898214,-6.90775527898214,2.17622790411752,1.26497382588333,0.962028623548009,1,15,4,0,2,0,0,0,0,0,14,3,5
"159","0275_000908",275,9,27473,27773,0,10.092,73.385,0,0,0,10.968,0,0,0,38.436,1.173,13.436,-6.90775527898214,2.31184211425672,4.29573318173328,-6.90775527898214,-6.90775527898214,-6.90775527898214,2.3950731124292,-6.90775527898214,-6.90775527898214,-6.90775527898214,3.64902053735205,0.160416721405905,2.59801209589327,0,14,35,0,0,0,4,0,0,0,31,2,9
"160","0275_000908",275,9,28973,29273,0,11.723,94.278,0,0,0,0,0,0,0,35.424,2.385,12.108,-6.90775527898214,2.46163802284865,4.54625847130824,-6.90775527898214,-6.90775527898214,-6.90775527898214,-6.90775527898214,-6.90775527898214,-6.90775527898214,-6.90775527898214,3.56741778557674,0.869618323675724,2.49394897777223,0,16,27,0,0,0,0,0,0,0,26,2,6
"161","0275_010606",275,18,15181,15481,17.923,12.322,0,0,0,0,0,0,0,0,5.121,0,0,2.8861405969239,2.51146743495599,-6.90775527898214,-6.90775527898214,-6.90775527898214,-6.90775527898214,-6.90775527898214,-6.90775527898214,-6.90775527898214,-6.90775527898214,1.63354498777733,-6.90775527898214,-6.90775527898214,19,21,0,0,0,0,0,0,0,0,8,0,0
"162","0275_010606",275,18,17881,18181,15.6,27.557,0,1.1,0,0,0,0,0,0,3.832,0,3.744,2.74733501476511,3.31629287457171,-6.90775527898214,0.0962188577405429,-6.90775527898214,-6.90775527898214,-6.90775527898214,-6.90775527898214,-6.90775527898214,-6.90775527898214,1.34364778639842,-6.90775527898214,1.32042161696918,13,29,0,1,0,0,0,0,0,0,5,0,2
"163","0275_010606",275,18,42481,42781,12.259,5.431,0,0,0,0,0,0,0,0,62.996,0,6.8,2.50634193050807,1.69230739025639,-6.90775527898214,-6.90775527898214,-6.90775527898214,-6.90775527898214,-6.90775527898214,-6.90775527898214,-6.90775527898214,-6.90775527898214,4.14308710621009,-6.90775527898214,1.9170696601935,10,5,0,0,0,0,0,0,0,0,55,0,6
"167","0300_000906",300,9,7823,8123,24.98,23.437,1.661,0,0,0,0,0,0,0,112.652,0.6,46.615,3.21811553592179,3.15435863683641,0.508021696433256,-6.90775527898214,-6.90775527898214,-6.90775527898214,-6.90775527898214,-6.90775527898214,-6.90775527898214,-6.90775527898214,4.72431229768211,-0.509160344446929,3.84194382984077,25,28,3,0,0,0,0,0,0,0,92,1,32
"168","0300_000906",300,9,35723,36023,9.208,24.091,0,0,0,0,0,0,0,0,0,0,29.274,2.22018126673923,3.18187983518147,-6.90775527898214,-6.90775527898214,-6.90775527898214,-6.90775527898214,-6.90775527898214,-6.90775527898214,-6.90775527898214,-6.90775527898214,-6.90775527898214,-6.90775527898214,3.37673390948378,38,70,0,0,0,0,0,0,0,0,0,0,22
"169","0300_000906",300,9,38723,39023,15.663,46.982,71.984,0,0,0,0,0,0,0,0.711,0,36.726,2.75136508578815,3.84978583415241,4.27645776397832,-6.90775527898214,-6.90775527898214,-6.90775527898214,-6.90775527898214,-6.90775527898214,-6.90775527898214,-6.90775527898214,-0.339677367570161,-6.90775527898214,3.60351217939263,11,64,48,0,0,0,0,0,0,0,1,0,25
"170","0300_010605",300,18,1784,2084,1.733,3.865,0,0,0,0,0,0,0,0,85.636,4.346,28.424,0.55043087835835,1.35222038078614,-6.90775527898214,-6.90775527898214,-6.90775527898214,-6.90775527898214,-6.90775527898214,-6.90775527898214,-6.90775527898214,-6.90775527898214,4.45011743274826,1.46948595200666,3.3472690396366,2,8,0,0,0,0,0,0,0,0,59,5,31
"171","0300_010605",300,18,3584,3884,0,2.863,0,0,0,0,0,0,0,0,76.93,0,35.924,-6.90775527898214,1.0522192490984,-6.90775527898214,-6.90775527898214,-6.90775527898214,-6.90775527898214,-6.90775527898214,-6.90775527898214,-6.90775527898214,-6.90775527898214,4.34290891621646,-6.90775527898214,3.58143343196509,0,4,0,0,0,0,0,0,0,0,62,0,24
"172","0300_010605",300,18,36584,36884,3.714,10.742,0,0.5,0,0,0,0,0,0,52.323,0,64.305,1.31237867816972,2.37425437968441,-6.90775527898214,-0.691149177897272,-6.90775527898214,-6.90775527898214,-6.90775527898214,-6.90775527898214,-6.90775527898214,-6.90775527898214,3.95745515682598,-6.90775527898214,4.16365293948742,3,9,0,1,0,0,0,0,0,0,36,0,54
"179","0340_000908",340,9,2839,3139,0.857,23.855,0,0.998,0,0,0,0,0,0,81.82,0,17.181,-0.153151179494175,3.17203575802238,-6.90775527898214,-0.00100050033358353,-6.90775527898214,-6.90775527898214,-6.90775527898214,-6.90775527898214,-6.90775527898214,-6.90775527898214,4.40453393437719,-6.90775527898214,2.84386232421586,2,21,0,2,0,0,0,0,0,0,65,0,15
"180","0340_000908",340,9,28639,28939,27.15,24.035,0,0,0,0,0,0,0,0,31.233,0,0,3.30141387811417,3.17955270647168,-6.90775527898214,-6.90775527898214,-6.90775527898214,-6.90775527898214,-6.90775527898214,-6.90775527898214,-6.90775527898214,-6.90775527898214,3.44150724506565,-6.90775527898214,-6.90775527898214,17,17,0,0,0,0,0,0,0,0,26,0,0
"181","0340_000908",340,9,34939,35239,28.249,81.163,11.129,0,0,0,0,0,0,0,64.387,0.66,11.771,3.34109345759245,4.39647179910538,2.40964416528745,-6.90775527898214,-6.90775527898214,-6.90775527898214,-6.90775527898214,-6.90775527898214,-6.90775527898214,-6.90775527898214,4.16492728034398,-0.414001439130451,2.46572383037123,9,46,7,0,0,0,0,0,0,0,31,1,10
"182","0340_010600",340,18,5038,5338,26.525,27.735,0,0,0,0,0,0,0,0,14.928,1.333,2.009,3.27812538407216,3.32273120838272,-6.90775527898214,-6.90775527898214,-6.90775527898214,-6.90775527898214,-6.90775527898214,-6.90775527898214,-6.90775527898214,-6.90775527898214,2.70330563007145,0.288181947493432,0.698134722070984,17,47,0,0,0,0,0,0,0,0,12,3,3
"183","0340_010600",340,18,23638,23938,21.947,21.467,0,0,0,0,0,0,0,0,0,0,11.049,3.08867601919673,3.06656345431458,-6.90775527898214,-6.90775527898214,-6.90775527898214,-6.90775527898214,-6.90775527898214,-6.90775527898214,-6.90775527898214,-6.90775527898214,-6.90775527898214,-6.90775527898214,2.40243042796376,32,32,0,0,0,0,0,0,0,0,0,0,19
"184","0340_010600",340,18,30538,30838,16.762,22.067,14.895,0,0,0,0,0,0,0,0.519,0.826,16.187,2.81917407664914,3.09412859541018,2.70109272053471,-6.90775527898214,-6.90775527898214,-6.90775527898214,-6.90775527898214,-6.90775527898214,-6.90775527898214,-6.90775527898214,-0.653926467406664,-0.189950583958446,2.78427022701362,22,47,17,0,0,0,0,0,0,0,1,2,21
"191","0344_000913",344,9,11027,11327,8.022,60.518,0,0,0,0,0,0,0,0,0,0,24.997,2.08231241677152,4.10295736532032,-6.90775527898214,-6.90775527898214,-6.90775527898214,-6.90775527898214,-6.90775527898214,-6.90775527898214,-6.90775527898214,-6.90775527898214,-6.90775527898214,-6.90775527898214,3.21879582166803,6,63,0,0,0,0,0,0,0,0,0,0,22
"192","0344_000913",344,9,36527,36827,0.74,27.81,2.1,3.68,0,0,0,0,0,0,4.4,0,16.14,-0.29975465368605,3.32543162588777,0.742413421862863,1.30318445439688,-6.90775527898214,-6.90775527898214,-6.90775527898214,-6.90775527898214,-6.90775527898214,-6.90775527898214,1.48183178782895,-6.90775527898214,2.78136261879114,1,47,4,4,0,0,0,0,0,0,5,0,20
"193","0344_010605",344,18,11701,12001,1.57,16.14,7.26,5.23,0,0,0,0,0,7.14,24.74,1.85,34.39,0.451712359273484,2.78136261879114,1.98251756039811,1.65460246438847,-6.90775527898214,-6.90775527898214,-6.90775527898214,-6.90775527898214,-6.90775527898214,1.96585282256697,3.20846178651933,0.61572603359136,3.53779490224182,3,18,8,8,0,0,0,0,0,3,26,2,36
"194","0344_010605",344,18,13801,14101,1.17,13.48,64.48,0,0,0,0,0,0,0,0,0,0.85,0.15785808461558,2.60128128670893,4.16637060676298,-6.90775527898214,-6.90775527898214,-6.90775527898214,-6.90775527898214,-6.90775527898214,-6.90775527898214,-6.90775527898214,-6.90775527898214,-6.90775527898214,-0.161343150408763,3,19,24,0,0,0,0,0,0,0,0,0,1
"195","0344_010605",344,18,36577,36877,2.009,11.19,1.593,0,0,0,0,0,0,0,19.09,2.405,33.903,0.698134722070984,2.41510988383589,0.466246580368023,-6.90775527898214,-6.90775527898214,-6.90775527898214,-6.90775527898214,-6.90775527898214,-6.90775527898214,-6.90775527898214,2.94921701981252,0.877965617552487,3.52353300152594,4,13,2,0,0,0,0,0,0,0,16,4,17
"202","0425_000906a",425,9,925,1225,0,5.093,0,0,0,0,0,0,0,0,143.248,0,1.852,-6.90775527898214,1.62806337655727,-6.90775527898214,-6.90775527898214,-6.90775527898214,-6.90775527898214,-6.90775527898214,-6.90775527898214,-6.90775527898214,-6.90775527898214,4.96458437476769,-6.90775527898214,0.616805947303223,0,8,0,0,0,0,0,0,0,0,105,0,2
"203","0425_000906b",425,9,3000,3300,0,11.691,3.264,0,0,0,79.391,0,0,4.065,66.425,0,17.965,-6.90775527898214,2.458904847249,1.18325976272839,-6.90775527898214,-6.90775527898214,-6.90775527898214,4.37439760750939,-6.90775527898214,-6.90775527898214,1.40265971520615,4.19608854610539,-6.90775527898214,2.88848108280702,0,23,2,0,0,0,26,0,0,3,44,0,13
"204","0425_000906c",425,9,300,600,0,1.987,0,0,0,0,0,0,0,0,77.949,0.543,3.756,-6.90775527898214,0.687129108234382,-6.90775527898214,-6.90775527898214,-6.90775527898214,-6.90775527898214,-6.90775527898214,-6.90775527898214,-6.90775527898214,-6.90775527898214,4.35606759550379,-0.608806032126194,1.32362076659183,0,4,0,0,0,0,0,0,0,0,41,1,2
"205","0425_010611",425,18,5671,5971,6.615,12.353,72.697,0,0,0,0,0,0,0,24.857,1.085,66.87,1.88949095772139,2.51397989727371,4.28631387384469,-6.90775527898214,-6.90775527898214,-6.90775527898214,-6.90775527898214,-6.90775527898214,-6.90775527898214,-6.90775527898214,3.21317963232332,0.0825012215117436,4.20276539034318,6,24,28,0,0,0,0,0,0,0,18,1,51
"206","0425_010611",425,18,23071,23371,0,9.106,0,0,0,0,0,0,0,0,211.98,0,15.063,-6.90775527898214,2.20904334858568,-6.90775527898214,-6.90775527898214,-6.90775527898214,-6.90775527898214,-6.90775527898214,-6.90775527898214,-6.90775527898214,-6.90775527898214,5.35649664801415,-6.90775527898214,2.71230779135485,0,10,0,0,0,0,0,0,0,0,85,0,11
"207","0425_010611",425,18,34471,34771,28.979,11.989,0,0,0,0,0,0,0,0,32.402,0,0,3.36660593689254,2.48407296903942,-6.90775527898214,-6.90775527898214,-6.90775527898214,-6.90775527898214,-6.90775527898214,-6.90775527898214,-6.90775527898214,-6.90775527898214,3.47825101110445,-6.90775527898214,-6.90775527898214,19,8,0,0,0,0,0,0,0,0,28,0,0
"214","0437_000902",437,9,6264,6564,17.181,42.205,1.674,0,0,0,0,0,0,0,0.873,0,34.804,2.84386232421586,3.74256239103012,0.51581316527703,-6.90775527898214,-6.90775527898214,-6.90775527898214,-6.90775527898214,-6.90775527898214,-6.90775527898214,-6.90775527898214,-0.134674903326602,-6.90775527898214,3.54976105462063,17,61,1,0,0,0,0,0,0,0,1,0,38
"215","0437_000902",437,9,9564,9864,0.595,6.962,0,0,0,0,0,0,0,0,60.392,0,153.433,-0.517514611916787,1.94061041596041,-6.90775527898214,-6.90775527898214,-6.90775527898214,-6.90775527898214,-6.90775527898214,-6.90775527898214,-6.90775527898214,-6.90775527898214,4.1008732041848,-6.90775527898214,5.03327050713804,1,10,0,0,0,0,0,0,0,0,34,0,102
"216","0437_000902",437,9,38964,39264,0.263,44.043,3.163,9.241,0,0,0,0,0,22.631,3.642,0,81.788,-1.33180617583582,3.78518913425134,1.15183704990541,2.22375831244807,-6.90775527898214,-6.90775527898214,-6.90775527898214,-6.90775527898214,-6.90775527898214,3.11936483399927,1.29280751802643,-6.90775527898214,4.40414276023859,1,52,2,12,0,0,0,0,0,9,4,0,75
"217","0437_010603",437,18,6348,6648,35.112,35.479,0,7.515,0,0,0,0,0,0,5.79,0,69.347,3.55857143227202,3.56896915744138,-6.90775527898214,2.01703408155122,-6.90775527898214,-6.90775527898214,-6.90775527898214,-6.90775527898214,-6.90775527898214,-6.90775527898214,1.75630498824365,-6.90775527898214,4.23913730712364,37,39,0,7,0,0,0,0,0,0,5,0,59
"218","0437_010603",437,18,26748,27048,42.919,30.74,0,1.7,0,0,0,0,0,0,2.56,3.88,29.52,3.7593379177625,3.42559726848569,-6.90775527898214,0.531216313413725,-6.90775527898214,-6.90775527898214,-6.90775527898214,-6.90775527898214,-6.90775527898214,-6.90775527898214,0.940397807217388,1.35609285238677,3.38510187449727,47,34,0,3,0,0,0,0,0,0,4,5,36
"219","0437_010603",437,18,33348,33648,27.141,26.062,0,0,0,0,0,0,0,0,8.991,0,36.975,3.30108234365918,3.26051668402728,-6.90775527898214,-6.90775527898214,-6.90775527898214,-6.90775527898214,-6.90775527898214,-6.90775527898214,-6.90775527898214,-6.90775527898214,2.19633529315134,-6.90775527898214,3.61026905353202,37,41,0,0,0,0,0,0,0,0,10,0,35
"227","0517_000901",517,9,11704,12004,1.412,42.982,0,0,0,0,0,0,0,0,1.344,6.528,27.642,0.34571510370239,3.7608046886854,-6.90775527898214,-6.90775527898214,-6.90775527898214,-6.90775527898214,-6.90775527898214,-6.90775527898214,-6.90775527898214,-6.90775527898214,0.296394013053802,1.8762537922045,3.31937253135983,1,62,0,0,0,0,0,0,0,0,2,10,32
"228","0517_000901",517,9,16204,16504,1.562,24.697,27.644,0,0,0,0,0,0,0,16.23,2,19.65,0.44660705143934,3.20672226869563,3.3194448797899,-6.90775527898214,-6.90775527898214,-6.90775527898214,-6.90775527898214,-6.90775527898214,-6.90775527898214,-6.90775527898214,2.78692299392293,0.693647055601596,2.97812822760563,2,43,20,0,0,0,0,0,0,0,22,2,18
"229","0517_000901",517,9,40204,40504,3.45,65.727,0,0,0,0,0,0,0,0,1.159,0,21.503,1.23866404411587,4.18552501430609,-6.90775527898214,-6.90775527898214,-6.90775527898214,-6.90775527898214,-6.90775527898214,-6.90775527898214,-6.90775527898214,-6.90775527898214,0.148420005118273,-6.90775527898214,3.06823896434074,2,61,0,0,0,0,0,0,0,0,2,0,14
"236","0530_000916",530,9,8850,9150,3.374,40.247,0.3,0,0,0,0,0,0,0,0,0,0,1.21639532432449,3.69506031318902,-1.20064501423326,-6.90775527898214,-6.90775527898214,-6.90775527898214,-6.90775527898214,-6.90775527898214,-6.90775527898214,-6.90775527898214,-6.90775527898214,-6.90775527898214,-6.90775527898214,4,46,1,0,0,0,0,0,0,0,0,0,0
"237","0530_000916",530,9,11250,11550,15.43,39.093,0,1.332,0,0,0,0,0,0,1.709,0,0,2.73637847308907,3.66596900253083,-6.90775527898214,0.287432041196571,-6.90775527898214,-6.90775527898214,-6.90775527898214,-6.90775527898214,-6.90775527898214,-6.90775527898214,0.536493370514568,-6.90775527898214,-6.90775527898214,11,45,0,2,0,0,0,0,0,0,2,0,0
"238","0530_000916",530,9,15750,16050,0.696,111.1,0,0,0,0,0,0,0,0,1.694,0,0,-0.360969868221613,4.71043969750517,-6.90775527898214,-6.90775527898214,-6.90775527898214,-6.90775527898214,-6.90775527898214,-6.90775527898214,-6.90775527898214,-6.90775527898214,0.527682740832414,-6.90775527898214,-6.90775527898214,1,87,0,0,0,0,0,0,0,0,1,0,0
"239","0530_010609",530,18,10674,10974,11.559,22.739,16.671,1.209,0,0,0,0,0,0,53.113,0.758,3.697,2.44755086324423,3.12412548832239,2.81373066557096,0.19062035960865,-6.90775527898214,-6.90775527898214,-6.90775527898214,-6.90775527898214,-6.90775527898214,-6.90775527898214,3.97244054698141,-0.275753501586507,1.30779213296493,14,41,12,4,0,0,0,0,0,0,43,1,4
"240","0530_010609",530,18,23574,23874,14.062,14.778,0,0,0,0,0,0,0,0,41.924,0,14.377,2.64354723488811,2.69320725423244,-6.90775527898214,-6.90775527898214,-6.90775527898214,-6.90775527898214,-6.90775527898214,-6.90775527898214,-6.90775527898214,-6.90775527898214,3.73588230770927,-6.90775527898214,2.66569926056168,23,27,0,0,0,0,0,0,0,0,36,0,17
"241","0530_010609",530,18,33474,33774,15.57,55.18,20.07,0,0,0,0,0,0,0,157.635,0.81,1.78,2.74541020985929,4.01061869113308,2.99927598717736,-6.90775527898214,-6.90775527898214,-6.90775527898214,-6.90775527898214,-6.90775527898214,-6.90775527898214,-6.90775527898214,5.06028857773438,-0.209487224866724,0.577175004307524,9,69,12,0,0,0,0,0,0,0,112,2,2
"248","0534_000912",534,9,4885,5185,22.49,10.521,0,0,0,0,0,0,0,0,2.968,0,14.559,3.11311522918903,2.35346830330862,-6.90775527898214,-6.90775527898214,-6.90775527898214,-6.90775527898214,-6.90775527898214,-6.90775527898214,-6.90775527898214,-6.90775527898214,1.08822519578162,-6.90775527898214,2.67827804276854,28,17,0,0,0,0,0,0,0,0,4,0,15
"249","0534_000912",534,9,17485,17785,2.834,14.905,44.978,0,0,0,0,0,0,3.707,21.641,0,46.836,1.04204193717972,2.7017638164595,3.80619571418088,-6.90775527898214,-6.90775527898214,-6.90775527898214,-6.90775527898214,-6.90775527898214,-6.90775527898214,1.31049264770361,3.07463587114946,-6.90775527898214,3.84667348885599,3,21,29,0,0,0,0,0,0,2,25,0,64
"250","0534_000912",534,9,20185,20485,14.795,41.243,0,2.001,0,0,0,0,0,0,8.853,0,50.32,2.69435687397021,3.7195056476557,-6.90775527898214,0.694146680893029,-6.90775527898214,-6.90775527898214,-6.90775527898214,-6.90775527898214,-6.90775527898214,-6.90775527898214,2.18086933430995,-6.90775527898214,3.91842248500871,19,46,0,3,0,0,0,0,0,0,11,0,29
"251","0534_010612",534,18,15767,16067,62.647,17.189,0,0,0,0,0,0,0,0,0,0,14.417,4.13753175744864,2.84432781939476,-6.90775527898214,-6.90775527898214,-6.90775527898214,-6.90775527898214,-6.90775527898214,-6.90775527898214,-6.90775527898214,-6.90775527898214,-6.90775527898214,-6.90775527898214,2.66847742598239,54,20,0,0,0,0,0,0,0,0,0,0,16
"252","0534_010612",534,18,17567,17867,34.571,9.326,0,0,0,0,0,0,0,0,9.802,0,40.987,3.54304410589039,2.23291341974473,-6.90775527898214,-6.90775527898214,-6.90775527898214,-6.90775527898214,-6.90775527898214,-6.90775527898214,-6.90775527898214,-6.90775527898214,2.28268846127959,-6.90775527898214,3.71327934093747,46,18,0,0,0,0,0,0,0,0,8,0,46
"253","0534_010612",534,18,21467,21767,55.075,39.499,0,42.058,0,0,0,0,0,0,1.774,0,43.25,4.00871404958213,3.67630067190708,-6.90775527898214,3.73907339443318,-6.90775527898214,-6.90775527898214,-6.90775527898214,-6.90775527898214,-6.90775527898214,-6.90775527898214,0.573800422927379,-6.90775527898214,3.76702035449788,49,49,0,27,0,0,0,0,0,0,2,0,39
"263","0583_000904",583,9,7296,7596,26.11,57.34,0,0,0,0,0,0,0,0,0,0,55.095,3.26235668147974,4.04901590013573,-6.90775527898214,-6.90775527898214,-6.90775527898214,-6.90775527898214,-6.90775527898214,-6.90775527898214,-6.90775527898214,-6.90775527898214,-6.90775527898214,-6.90775527898214,4.0090771182424,22,59,0,0,0,0,0,0,0,0,0,0,20
"264","0583_000904",583,9,16596,16896,38.537,45.38,71.582,0,0,0,0,0,0,0,0,0,37.331,3.65164476750371,3.81509351524817,4.270857615608,-6.90775527898214,-6.90775527898214,-6.90775527898214,-6.90775527898214,-6.90775527898214,-6.90775527898214,-6.90775527898214,-6.90775527898214,-6.90775527898214,3.6198508677035,30,44,44,0,0,0,0,0,0,0,0,0,27
"265","0583_000904",583,9,24396,24696,31.568,40.178,7.106,0,0,0,0,0,0,0,0,0,4.186,3.45217562642678,3.69334447107309,1.96108021384476,-6.90775527898214,-6.90775527898214,-6.90775527898214,-6.90775527898214,-6.90775527898214,-6.90775527898214,-6.90775527898214,-6.90775527898214,-6.90775527898214,1.43198448703701,29,93,9,0,0,0,0,0,0,0,0,0,5
"266","0583_010604",583,18,1007,1307,71.96,2.017,0.83,0,0,0,0,0,0,0,10.94,0,24.23,4.276124305595,0.702106921931417,-0.185125484126689,-6.90775527898214,-6.90775527898214,-6.90775527898214,-6.90775527898214,-6.90775527898214,-6.90775527898214,-6.90775527898214,2.39251720049465,-6.90775527898214,3.18763280512827,50,4,1,0,0,0,0,0,0,0,6,0,32
"267","0583_010604",583,18,3407,3707,31.135,9.676,0,0,0,0,0,0,0,0,8.042,5.178,95.014,3.43836470600359,2.26975193589881,-6.90775527898214,-6.90775527898214,-6.90775527898214,-6.90775527898214,-6.90775527898214,-6.90775527898214,-6.90775527898214,-6.90775527898214,2.08480214792193,1.64461198744175,4.55403477387332,36,10,0,0,0,0,0,0,0,0,9,3,78
"268","0583_010604",583,18,10307,10607,0,0,0,0,0,0,0,0,0,0,0,0,0,-6.90775527898214,-6.90775527898214,-6.90775527898214,-6.90775527898214,-6.90775527898214,-6.90775527898214,-6.90775527898214,-6.90775527898214,-6.90775527898214,-6.90775527898214,-6.90775527898214,-6.90775527898214,-6.90775527898214,0,0,0,0,0,0,0,0,0,0,0,0,0
"275","0623_000907",623,9,801,1101,0,0,0,0,0,0,0,0,0,0,0,0,0,-6.90775527898214,-6.90775527898214,-6.90775527898214,-6.90775527898214,-6.90775527898214,-6.90775527898214,-6.90775527898214,-6.90775527898214,-6.90775527898214,-6.90775527898214,-6.90775527898214,-6.90775527898214,-6.90775527898214,0,0,0,0,0,0,0,0,0,0,0,0,0
"276","0623_000907",623,9,20301,20601,34.838,7.665,0,0,0,0,0,0,0,0,41.717,1.17,20.595,3.55073744893173,2.03679496695836,-6.90775527898214,-6.90775527898214,-6.90775527898214,-6.90775527898214,-6.90775527898214,-6.90775527898214,-6.90775527898214,-6.90775527898214,3.73093269034494,0.15785808461558,3.02509688218389,28,10,0,0,0,0,0,0,0,0,26,1,10
"277","0623_000907",623,9,25401,25701,0,12.429,12.005,42.003,0,0,0,0,0,0,0,0,77.411,-6.90775527898214,2.52011290552262,2.48540652482965,3.73776485184375,-6.90775527898214,-6.90775527898214,-6.90775527898214,-6.90775527898214,-6.90775527898214,-6.90775527898214,-6.90775527898214,-6.90775527898214,4.34914180733811,0,21,8,48,0,0,0,0,0,0,0,0,64
"278","0623_010606",623,18,26137,26437,40.969,28.675,0,0,0,0,0,0,0,0,26.423,1.739,32.836,3.71284009155878,3.35606053599063,-6.90775527898214,-6.90775527898214,-6.90775527898214,-6.90775527898214,-6.90775527898214,-6.90775527898214,-6.90775527898214,-6.90775527898214,3.27427268808849,0.553885113226438,3.49155592840163,46,40,0,0,0,0,0,0,0,0,20,2,27
"279","0623_010606",623,18,29137,29437,21.71,45.539,0,8.758,0,0,0,0,0,0,5.461,0,3.432,3.0778190445521,3.81859106063559,-6.90775527898214,2.17008174318095,-6.90775527898214,-6.90775527898214,-6.90775527898214,-6.90775527898214,-6.90775527898214,-6.90775527898214,1.69781502305151,-6.90775527898214,1.23343451447556,26,61,0,13,0,0,0,0,0,0,6,0,2
"280","0623_010606",623,18,37237,37537,29.425,19.92,0,0,0,0,0,0,0,0,16.994,0,14.007,3.38187863727576,2.99177445169965,-6.90775527898214,-6.90775527898214,-6.90775527898214,-6.90775527898214,-6.90775527898214,-6.90775527898214,-6.90775527898214,-6.90775527898214,2.83291918314808,-6.90775527898214,2.63962859498355,40,33,0,0,0,0,0,0,0,0,13,0,17
"287","0635_000903",635,9,3118,3418,1.716,59.098,0,0,0,0,0,0,0,0,12.017,1.384,30.604,0.540578581915338,4.07921400379513,-6.90775527898214,-6.90775527898214,-6.90775527898214,-6.90775527898214,-6.90775527898214,-6.90775527898214,-6.90775527898214,-6.90775527898214,2.48640552591174,0.325700139639302,3.42116339430303,4,58,0,0,0,0,0,0,0,0,16,2,30
"288","0635_000903",635,9,27418,27718,1,57.25,0,0,0,0,0,0,0,0,13.16,0.79,53.74,0.000999500333083423,4.04744510953071,-6.90775527898214,-6.90775527898214,-6.90775527898214,-6.90775527898214,-6.90775527898214,-6.90775527898214,-6.90775527898214,-6.90775527898214,2.57725791085219,-0.234457311214483,3.98417621112735,1,43,0,0,0,0,0,0,0,0,13,1,54
"289","0635_000903",635,9,34018,34318,0,50.129,44.2,0.494,0,0,0,0,0,0,39.692,0.842,127.622,-6.90775527898214,3.91461963127541,3.78874741326211,-0.703197516413447,-6.90775527898214,-6.90775527898214,-6.90775527898214,-6.90775527898214,-6.90775527898214,-6.90775527898214,3.68117484972838,-0.170788320980282,4.84908060545117,0,66,26,1,0,0,0,0,0,0,36,1,101
"290","0635_010603",635,18,1837,2137,29.094,19.33,11.162,0,0,0,0,0,0,0,36.922,1.427,48.179,3.37056633810863,2.96171002493955,2.4126047380326,-6.90775527898214,-6.90775527898214,-6.90775527898214,-6.90775527898214,-6.90775527898214,-6.90775527898214,-6.90775527898214,3.6088346631049,0.356274863917393,3.87494399718673,39,31,8,0,0,0,0,0,0,0,29,1,47
"291","0635_010603",635,18,30337,30637,28.18,25.75,8.99,0,0,0,0,0,0,0,64.46,0.38,46.225,3.33864799200131,3.24847346130714,2.19622407700264,-6.90775527898214,-6.90775527898214,-6.90775527898214,-6.90775527898214,-6.90775527898214,-6.90775527898214,-6.90775527898214,4.1660603897637,-0.964955903855436,3.8335424103545,34,26,5,0,0,0,0,0,0,0,45,1,37
"292","0635_010603",635,18,44437,44737,42.58,26.262,0,2.65,0,0,0,0,0,0,34.546,0.432,59.917,3.75140814439388,3.26816110454296,-6.90775527898214,0.974936927306888,-6.90775527898214,-6.90775527898214,-6.90775527898214,-6.90775527898214,-6.90775527898214,-6.90775527898214,3.5423207157635,-0.837017550979647,4.0929769608148,47,25,0,3,0,0,0,0,0,0,22,1,51
"293","0644_000909",644,9,2006,2306,0,8.13,1.02,0,0,0,0,0,0,0,0.79,0,48.38,-6.90775527898214,2.0956839172257,0.0207825391825284,-6.90775527898214,-6.90775527898214,-6.90775527898214,-6.90775527898214,-6.90775527898214,-6.90775527898214,-6.90775527898214,-0.234457311214483,-6.90775527898214,3.87910717466649,0,9,1,0,0,0,0,0,0,0,1,0,31
"300","0651_000908",651,9,18857,19157,19.79,29.542,7.463,0,0,0,0,0,0,0,7.525,0,7.471,2.98522728890884,3.38584682915721,2.01009146354504,-6.90775527898214,-6.90775527898214,-6.90775527898214,-6.90775527898214,-6.90775527898214,-6.90775527898214,-6.90775527898214,2.01836369217125,-6.90775527898214,2.01116270092654,17,42,5,0,0,0,0,0,0,0,4,0,8
"301","0651_000908",651,9,25757,26057,4.352,23.943,41.292,0,0,0,0,0,0,0,13.913,1.025,14.461,1.47086526257016,3.1757177705504,3.72069299407625,-6.90775527898214,-6.90775527898214,-6.90775527898214,-6.90775527898214,-6.90775527898214,-6.90775527898214,-6.90775527898214,2.63289552750145,0.0256677467485776,2.67152451975276,1,26,13,0,0,0,0,0,0,0,7,1,11
"302","0651_000908",651,9,32057,32357,11.225,25.545,9.823,0,0,0,0,0,0,0,2.81,0,76.428,2.41823251652001,3.24048074862059,2.28482837140479,-6.90775527898214,-6.90775527898214,-6.90775527898214,-6.90775527898214,-6.90775527898214,-6.90775527898214,-6.90775527898214,1.03354029192439,-6.90775527898214,4.33636220530161,8,44,8,0,0,0,0,0,0,0,2,0,76
"303","0651_010608",651,18,3259,3559,51.269,19.633,0.569,0,20.766,0,0,8.095,0,0,10.294,0,8.236,3.93710578579561,2.97726275727033,-0.562118918153541,-6.90775527898214,3.03336518836084,-6.90775527898214,-6.90775527898214,2.09137011254511,-6.90775527898214,-6.90775527898214,2.33165834047975,-6.90775527898214,2.10863619995911,40,37,1,0,8,0,0,4,0,0,10,0,6
"304","0651_010608",651,18,5059,5359,28.38,12.469,0,0.46,0,0,0,0,0,0,0,2.01,6.79,3.34571990719287,2.52332575969195,-6.90775527898214,-0.774357235985488,-6.90775527898214,-6.90775527898214,-6.90775527898214,-6.90775527898214,-6.90775527898214,-6.90775527898214,-6.90775527898214,0.698632110790515,1.91559820613165,28,20,0,1,0,0,0,0,0,0,0,2,8
"305","0651_010608",651,18,8959,9259,40.08,54.777,8.09,0,0,0,0,0,0,0,0,0,5.72,3.69090240656516,4.00328865349337,2.0907523328257,-6.90775527898214,-6.90775527898214,-6.90775527898214,-6.90775527898214,-6.90775527898214,-6.90775527898214,-6.90775527898214,-6.90775527898214,-6.90775527898214,1.74414361528639,28,64,4,0,0,0,0,0,0,0,0,0,8
"313","0747_000901",747,9,24221,24521,7.022,40.206,0,1.23,0,0,0,0,0,0,6.106,0,42.971,1.94919047717688,3.69404110981945,-6.90775527898214,0.207826847202316,-6.90775527898214,-6.90775527898214,-6.90775527898214,-6.90775527898214,-6.90775527898214,-6.90775527898214,1.809435654241,-6.90775527898214,3.7605487408043,8,42,0,2,0,0,0,0,0,0,6,0,46
"314","0747_000901",747,9,37121,37421,58.426,28.249,0,0,0,0,0,0,0,0,3.135,0,26.037,4.06777811176029,3.34109345759245,-6.90775527898214,-6.90775527898214,-6.90775527898214,-6.90775527898214,-6.90775527898214,-6.90775527898214,-6.90775527898214,-6.90775527898214,1.14294810248816,-6.90775527898214,3.25955700947521,30,25,0,0,0,0,0,0,0,0,4,0,26
"315","0747_000901",747,9,42506,42806,19.365,53.305,0,17.137,0,0,0,0,0,0,79.562,0,60.495,2.96351895118934,3.9760488951927,-6.90775527898214,2.84129822024693,-6.90775527898214,-6.90775527898214,-6.90775527898214,-6.90775527898214,-6.90775527898214,-6.90775527898214,4.37654916066551,-6.90775527898214,4.10257724714858,11,50,0,15,0,0,0,0,0,0,45,0,60
"316","0747_010601a",747,18,5958,6258,60.327,11.18,0,0,0,0,0,0,0,0,17.53,0,17.287,4.09979634090035,2.41421590916523,-6.90775527898214,-6.90775527898214,-6.90775527898214,-6.90775527898214,-6.90775527898214,-6.90775527898214,-6.90775527898214,-6.90775527898214,2.86397074237174,-6.90775527898214,2.85001261920458,65,9,0,0,0,0,0,0,0,0,10,0,15
"317","0747_010601b",747,18,10,310,85.597,24.356,1.43,0,0,0,0,0,0,0,56.667,3.23,7.739,4.44966191838876,3.19281928254842,0.358373500574314,-6.90775527898214,-6.90775527898214,-6.90775527898214,-6.90775527898214,-6.90775527898214,-6.90775527898214,-6.90775527898214,4.0372096775171,1.17279168684236,2.04640168760164,42,17,1,0,0,0,0,0,0,0,38,2,7
"318","0747_010601b",747,18,8700,9000,55.165,6.812,2.58,0,0,0,0,0,0,0,2.336,1.3,54.498,4.01034682148384,1.91883255179153,0.948176920736477,-6.90775527898214,-6.90775527898214,-6.90775527898214,-6.90775527898214,-6.90775527898214,-6.90775527898214,-6.90775527898214,0.848868055556721,0.263133199530368,3.99818235287701,59,12,2,0,0,0,0,0,0,0,2,1,51
"324","0776_000911",776,9,36699,36999,1.827,57.903,0,0,0,0,0,0,0,0,50.93,0,11.249,0.603222473031958,4.05878646682139,-6.90775527898214,-6.90775527898214,-6.90775527898214,-6.90775527898214,-6.90775527898214,-6.90775527898214,-6.90775527898214,-6.90775527898214,3.93047177549661,-6.90775527898214,2.42036812865043,3,71,0,0,0,0,0,0,0,0,40,0,9
"325","0776_000911",776,9,38799,39099,6,44.591,2.578,4.098,0,0,0,0,0,0,8.966,0,0,1.79192612200738,3.79755447073959,0.947401726899208,1.4107430415222,-6.90775527898214,-6.90775527898214,-6.90775527898214,-6.90775527898214,-6.90775527898214,-6.90775527898214,2.19355117196991,-6.90775527898214,-6.90775527898214,4,61,5,6,0,0,0,0,0,0,8,0,0
"326","0776_000911",776,9,45399,45699,0,10.868,0,0,0,0,0,0,0,0,4.265,0,0,-6.90775527898214,2.38591470058105,-6.90775527898214,-6.90775527898214,-6.90775527898214,-6.90775527898214,-6.90775527898214,-6.90775527898214,-6.90775527898214,-6.90775527898214,1.45067662004916,-6.90775527898214,-6.90775527898214,0,17,0,0,0,0,0,0,0,0,4,0,0
"333","0787_000906",787,9,1152,1452,0.425,24.185,20.534,0,1.05,2.301,40.831,0,0,0,56.101,0,43.711,-0.853315932712767,3.18577395336308,3.02213074740852,-6.90775527898214,0.049742091894814,0.833778310299691,3.70946608772232,-6.90775527898214,-6.90775527898214,-6.90775527898214,4.02717146251707,-6.90775527898214,3.77762266394832,1,36,9,0,1,1,16,0,0,0,51,0,35
"334","0787_000906",787,9,5952,6252,45.673,44.534,0,0,0,0,0,0,0,0,57.489,0,19.794,3.8215292082094,3.79627539688383,-6.90775527898214,-6.90775527898214,-6.90775527898214,-6.90775527898214,-6.90775527898214,-6.90775527898214,-6.90775527898214,-6.90775527898214,4.0516110196352,-6.90775527898214,2.98542938055809,35,45,0,0,0,0,0,0,0,0,44,0,16
"335","0787_000906",787,9,28152,28452,16.134,39.133,6.184,43.206,0,0,0,0,0,0,2.645,0,2.844,2.78099082550393,3.66699165435591,1.82212700584445,3.76600251916052,-6.90775527898214,-6.90775527898214,-6.90775527898214,-6.90775527898214,-6.90775527898214,-6.90775527898214,0.973049065692764,-6.90775527898214,1.04556306757829,15,74,4,37,0,0,0,0,0,0,3,0,2
"336","0787_010604",787,18,25425,25725,63.154,22.716,0,6.653,0,0,0,0,0,0,5.363,0,37.601,4.14559202222594,3.12311354288108,-6.90775527898214,1.89521817759629,-6.90775527898214,-6.90775527898214,-6.90775527898214,-6.90775527898214,-6.90775527898214,-6.90775527898214,1.67970996541943,-6.90775527898214,3.62705724047059,56,33,0,6,0,0,0,0,0,0,4,0,45
"337","0787_010604",787,18,26925,27225,33.29,46.985,0,1.5,0,0,0,0,0,0,20.45,0.67,84.7,3.50528709018654,3.84984968499686,-6.90775527898214,0.406131552651325,-6.90775527898214,-6.90775527898214,-6.90775527898214,-6.90775527898214,-6.90775527898214,-6.90775527898214,3.01803178104876,-0.398986142010455,4.43912740796376,26,60,0,2,0,0,0,0,0,0,17,3,64
"338","0787_010604",787,18,37125,37425,5.81,58.183,12.463,0,0,0,0,0,0,0,16.983,1.627,16.221,1.75975267309297,4.06361040285224,2.52284448912839,-6.90775527898214,-6.90775527898214,-6.90775527898214,-6.90775527898214,-6.90775527898214,-6.90775527898214,-6.90775527898214,2.83227172440096,0.487352267580348,2.78636834564815,7,100,7,0,0,0,0,0,0,0,14,1,17
"345","0804_000901a",804,9,7461,7761,3.349,18.824,20.71,0.643,0,0,0,0,0,0,28.191,0.91,14.417,1.20896034583698,2.93518577368596,3.03066496009401,-0.440056552877783,-6.90775527898214,-6.90775527898214,-6.90775527898214,-6.90775527898214,-6.90775527898214,-6.90775527898214,3.33903824975377,-0.0932123817221787,2.66847742598239,2,32,14,1,0,0,0,0,0,0,28,1,14
"346","0804_000901a",804,9,11361,11661,9.602,82.689,22.368,0,0,0,0,0,0,0,24.241,1.279,46.003,2.26207554965584,4.41509867573408,3.10767607177598,-6.90775527898214,-6.90775527898214,-6.90775527898214,-6.90775527898214,-6.90775527898214,-6.90775527898214,-6.90775527898214,3.18808666604832,0.246860077931526,3.82872834923033,7,66,8,0,0,0,0,0,0,0,20,2,35
"347","0804_000901b",804,9,4956,5256,3.75,78.2600000000001,0,0.78,0,0,0,0,0,0,0,6.64,17.38,1.32202247109975,4.36004939462039,-6.90775527898214,-0.247180129142451,-6.90775527898214,-6.90775527898214,-6.90775527898214,-6.90775527898214,-6.90775527898214,-6.90775527898214,-6.90775527898214,1.89326255455858,2.85537765558134,3,75,0,1,0,0,0,0,0,0,0,5,16
"348","0804_010602",804,18,12244,12544,21.827,23.594,0,0,0,0,0,0,0,0,18.089,0,24.255,3.08319354932399,3.16103482517835,-6.90775527898214,-6.90775527898214,-6.90775527898214,-6.90775527898214,-6.90775527898214,-6.90775527898214,-6.90775527898214,-6.90775527898214,2.8953592994072,-6.90775527898214,3.18866400945996,27,32,0,0,0,0,0,0,0,0,18,0,28
"349","0804_010602",804,18,23644,23944,9.01,17.832,0,16.376,0,0,0,0,0,1.71,11.225,0.503,57.512,2.1984460532529,2.88105067347038,-6.90775527898214,2.79587791146773,-6.90775527898214,-6.90775527898214,-6.90775527898214,-6.90775527898214,-6.90775527898214,0.537077994910056,2.41823251652001,-0.685179010910768,4.05201100920602,12,27,0,12,0,0,0,0,0,1,11,1,58
"350","0804_010602",804,18,35944,36244,8.894,61.68,13.277,0,0,0,0,0,0,0,27.315,0.71,34.07,2.1854893211178,4.12197594183441,2.58610853029697,-6.90775527898214,-6.90775527898214,-6.90775527898214,-6.90775527898214,-6.90775527898214,-6.90775527898214,-6.90775527898214,3.30747261109884,-0.341082849178896,3.52844658257762,7,84,6,0,0,0,0,0,0,0,25,2,28
"357","0833_00910",833,91,6669,6969,0,0,0,0,0,0,0,0,0,0,0,0,0,-6.90775527898214,-6.90775527898214,-6.90775527898214,-6.90775527898214,-6.90775527898214,-6.90775527898214,-6.90775527898214,-6.90775527898214,-6.90775527898214,-6.90775527898214,-6.90775527898214,-6.90775527898214,-6.90775527898214,0,0,0,0,0,0,0,0,0,0,0,0,0
"358","0833_00910",833,91,33369,33669,0,0,0,0,0,0,0,0,0,0,0,0,0,-6.90775527898214,-6.90775527898214,-6.90775527898214,-6.90775527898214,-6.90775527898214,-6.90775527898214,-6.90775527898214,-6.90775527898214,-6.90775527898214,-6.90775527898214,-6.90775527898214,-6.90775527898214,-6.90775527898214,0,0,0,0,0,0,0,0,0,0,0,0,0
"359","0833_00910",833,91,37569,37869,0,0,0,0,0,0,0,0,0,0,0,0,0,-6.90775527898214,-6.90775527898214,-6.90775527898214,-6.90775527898214,-6.90775527898214,-6.90775527898214,-6.90775527898214,-6.90775527898214,-6.90775527898214,-6.90775527898214,-6.90775527898214,-6.90775527898214,-6.90775527898214,0,0,0,0,0,0,0,0,0,0,0,0,0
"360","0833_010606",833,18,15086,15386,28.802,28.918,0,0,0,0,0,0,0,0,0,0,17.148,3.3604795483836,3.36449881854611,-6.90775527898214,-6.90775527898214,-6.90775527898214,-6.90775527898214,-6.90775527898214,-6.90775527898214,-6.90775527898214,-6.90775527898214,-6.90775527898214,-6.90775527898214,2.84193986287401,39,51,0,0,0,0,0,0,0,0,0,0,15
"361","0833_010606",833,18,19586,19886,64.188,20.01,0,0,0,0,0,0,0,0,0,0,5.594,4.16183185645175,2.99628212235943,-6.90775527898214,-6.90775527898214,-6.90775527898214,-6.90775527898214,-6.90775527898214,-6.90775527898214,-6.90775527898214,-6.90775527898214,-6.90775527898214,-6.90775527898214,1.72187334176389,68,35,0,0,0,0,0,0,0,0,0,0,6
"362","0833_010606",833,18,27086,27386,15.313,16.863,25.563,1.657,0,0,0,0,0,7.407,0,0,103.751,2.72876744269093,2.82518117235895,3.24118511178804,0.505612056713103,-6.90775527898214,-6.90775527898214,-6.90775527898214,-6.90775527898214,-6.90775527898214,2.00256049734388,-6.90775527898214,-6.90775527898214,4.64200343603344,23,34,12,2,0,0,0,0,0,3,0,0,86
"363","0840_000903",840,9,10123,10423,0.309,23.502,3.148,3.22,0,0,0,0,0,0,144.358,0,0,-1.17118298150295,3.15712807257679,1.14708494211889,1.16969187034906,-6.90775527898214,-6.90775527898214,-6.90775527898214,-6.90775527898214,-6.90775527898214,-6.90775527898214,4.97230325262397,-6.90775527898214,-6.90775527898214,1,25,2,4,0,0,0,0,0,0,114,0,0
"370","0848_000907",848,9,8597,8897,2.635,35.33,31.054,0,0,0,0,0,0,0,38.373,0.41,14.367,0.969262616640261,3.56476076552752,3.43575982601127,-6.90775527898214,-6.90775527898214,-6.90775527898214,-6.90775527898214,-6.90775527898214,-6.90775527898214,-6.90775527898214,3.64738014693591,-0.889162064485903,2.66500351155984,2,51,10,0,0,0,0,0,0,0,21,1,9
"371","0848_000907",848,9,23597,23897,15.788,32.824,0,0,0,0,0,0,0,0,19.81,0,0,2.75931349503975,3.49119042018886,-6.90775527898214,-6.90775527898214,-6.90775527898214,-6.90775527898214,-6.90775527898214,-6.90775527898214,-6.90775527898214,-6.90775527898214,2.98623733899219,-6.90775527898214,-6.90775527898214,15,34,0,0,0,0,0,0,0,0,19,0,0
"372","0848_000907",848,9,32297,32597,3.564,26.549,0,0,0,0,0,0,0,0,10.28,0.65,4.12,1.27116405386626,3.27902974768795,-6.90775527898214,-6.90775527898214,-6.90775527898214,-6.90775527898214,-6.90775527898214,-6.90775527898214,-6.90775527898214,-6.90775527898214,2.33029753156058,-0.429245636773568,1.41609585235668,5,44,0,0,0,0,0,0,0,0,4,2,3
"373","0848_010606",848,18,297,597,10.318,38.365,6.423,0,0,0,0,0,0,0,2.627,1.114,40.076,2.33398685613358,3.64717165071415,1.86004097664446,-6.90775527898214,-6.90775527898214,-6.90775527898214,-6.90775527898214,-6.90775527898214,-6.90775527898214,-6.90775527898214,0.966223100622364,0.108854404912082,3.69080260367578,11,82,7,0,0,0,0,0,0,0,2,3,38
"374","0848_010606",848,18,29097,29397,10.384,48.592,25.329,12.331,0,0,0,0,0,0,71.054,0,33.957,2.34036245732808,3.8834794876109,3.23198946401358,2.5121975100239,-6.90775527898214,-6.90775527898214,-6.90775527898214,-6.90775527898214,-6.90775527898214,-6.90775527898214,4.26345422504382,-6.90775527898214,3.52512446689382,11,73,15,11,0,0,0,0,0,0,29,0,29
"375","0848_010606",848,18,32097,32397,7.789,58.925,54.555,0,0,0,0,0,0,0,0,0.4,90.081,2.05284085988266,4.07628241940369,3.99922769706463,-6.90775527898214,-6.90775527898214,-6.90775527898214,-6.90775527898214,-6.90775527898214,-6.90775527898214,-6.90775527898214,-6.90775527898214,-0.913793851675568,4.50072036663159,14,106,35,0,0,0,0,0,0,0,0,1,95
"382","0919_000900",919,9,6618,6918,2.953,52.409,0,0,0,0,0,0,0,0,42.178,0.674,77.395,1.08316018410919,3.95909741281407,-6.90775527898214,-6.90775527898214,-6.90775527898214,-6.90775527898214,-6.90775527898214,-6.90775527898214,-6.90775527898214,-6.90775527898214,3.74192246685115,-0.393042588109607,4.34893509967368,3,58,0,0,0,0,0,0,0,0,29,1,69
"383","0919_000900",919,9,9318,9618,0.374,7.974,0,0,1.494,0,0,0,0,0,41.34,0.879,13.728,-0.980829253011726,2.07631164867091,-6.90775527898214,-6.90775527898214,0.40212620684265,-6.90775527898214,-6.90775527898214,-6.90775527898214,-6.90775527898214,-6.90775527898214,3.72185474360789,-0.127833371509885,2.61951038391547,1,18,0,0,1,0,0,0,0,0,37,2,19
"384","0919_000900",919,9,35418,35718,19.722,46.139,0,0.563,0,0,0,0,0,0,3.081,0.968,34.403,2.98178546742137,3.83168025274561,-6.90775527898214,-0.572701027484078,-6.90775527898214,-6.90775527898214,-6.90775527898214,-6.90775527898214,-6.90775527898214,-6.90775527898214,1.12557873689792,-0.0314906670913708,3.53817283668923,18,49,0,1,0,0,0,0,0,0,5,1,32
"385","0919_010530",919,18,7979,8279,21.861,39.467,0,6.338,0,0,0,0,0,9.689,13.712,0.742,43.792,3.08474996987164,3.67549021699492,-6.90775527898214,1.84672102730203,-6.90775527898214,-6.90775527898214,-6.90775527898214,-6.90775527898214,-6.90775527898214,2.27109442590267,2.61834428801772,-0.297059234264378,3.77947398725865,25,57,0,5,0,0,0,0,0,2,6,1,45
"386","0919_010530",919,18,20879,21179,9.457,55.415,15.932,0,0,0,0,0.901,0,0,18.182,0.802,9.605,2.24686094422168,4.0148683607203,2.76839243010837,-6.90775527898214,-6.90775527898214,-6.90775527898214,-6.90775527898214,-0.103140758919513,-6.90775527898214,-6.90775527898214,2.90048709163726,-0.219400565035375,2.26238790324263,9,36,4,0,0,0,0,1,0,0,10,1,10
"387","0919_010530",919,18,30779,31079,3.015,54.149,0,1.426,0,0,0,0,0,0,20.526,0,4.385,1.10393145014571,3.991757973447,-6.90775527898214,0.355574338494699,-6.90775527898214,-6.90775527898214,-6.90775527898214,-6.90775527898214,-6.90775527898214,-6.90775527898214,3.02174109273504,-6.90775527898214,1.4784176499957,2,86,0,2,0,0,0,0,0,0,16,0,4
"396","0938_000904",938,9,24521,24821,3.89,6.36,3.86,0.6,6.37,0,4.69,0,0,13.35,103.67,0,24.64,1.35866619400242,1.85018559769667,1.3509262172821,-0.509160344446929,1.85175644313435,-6.90775527898214,1.54564577934632,-6.90775527898214,-6.90775527898214,2.59159128840796,4.64122242328059,-6.90775527898214,3.20441172225738,5,7,3,1,3,0,3,0,0,8,101,0,22
"397","0938_000904",938,9,29321,29621,0.907,75.918,0,0,0,0,0,0,0,0,81.226,1.143,10.171,-0.0965109003808437,4.32966698245518,-6.90775527898214,-6.90775527898214,-6.90775527898214,-6.90775527898214,-6.90775527898214,-6.90775527898214,-6.90775527898214,-6.90775527898214,4.39724770421294,0.134530892957606,2.31963884755987,1,61,0,0,0,0,0,0,0,0,54,2,10
"398","0938_000904",938,9,38921,39221,0,76.472,0.727,0,0,0,0,0,0,0,24.677,0,16.517,-6.90775527898214,4.33693773735762,-0.317454230785451,-6.90775527898214,-6.90775527898214,-6.90775527898214,-6.90775527898214,-6.90775527898214,-6.90775527898214,-6.90775527898214,3.20591215847634,-6.90775527898214,2.80445069538853,0,61,1,0,0,0,0,0,0,0,19,0,14
"399","0938_010603a",938,18,13397,13697,15.505,55.673,0,0.841,0,0,44.209,0,0,42.819,9.972,0,61.918,2.74122704579677,4.0195132515991,-6.90775527898214,-0.17197526473981,-6.90775527898214,-6.90775527898214,3.78895100783815,-6.90775527898214,-6.90775527898214,3.75700528316154,2.29988144141973,-6.90775527898214,4.12582707928026,20,47,0,1,0,0,20,0,0,29,10,0,63
"400","0938_010603a",938,18,15197,15497,35.322,23.88,0,0,0,0,0,0,0,0,1.626,0,83.334,3.5645343098411,3.17308316369453,-6.90775527898214,-6.90775527898214,-6.90775527898214,-6.90775527898214,-6.90775527898214,-6.90775527898214,-6.90775527898214,-6.90775527898214,0.486737828236901,-6.90775527898214,4.42286862899414,35,31,0,0,0,0,0,0,0,0,2,0,68
"401","0938_010603b",938,18,12600,12900,30.311,1.574,0,0,0,0,10.051,0,0,0,5.518,0.225,24.401,3.4115436737163,0.454255272277596,-6.90775527898214,-6.90775527898214,-6.90775527898214,-6.90775527898214,2.30777161968135,-6.90775527898214,-6.90775527898214,-6.90775527898214,1.70819668445736,-1.48722027970985,3.19466509615314,18,5,0,0,0,0,3,0,0,0,2,1,21
"408","0955_010601",955,18,21233,21533,33.087,88.43,33.419,0,0,0,0,0,0,0,0,0,0,3.49917067888596,4.48222258690321,3.50915452316725,-6.90775527898214,-6.90775527898214,-6.90775527898214,-6.90775527898214,-6.90775527898214,-6.90775527898214,-6.90775527898214,-6.90775527898214,-6.90775527898214,-6.90775527898214,18,59,11,0,0,0,0,0,0,0,0,0,0
"409","0955_010601",955,18,32333,32633,17.8,25.291,3.058,21.752,0,0,0,0,0,0,19.707,0,72.572,2.8792546354953,3.23048814019637,1.11808806516877,3.07975167905757,-6.90775527898214,-6.90775527898214,-6.90775527898214,-6.90775527898214,-6.90775527898214,-6.90775527898214,2.98102464468172,-6.90775527898214,4.28459295183204,24,62,6,19,0,0,0,0,0,0,26,0,101
"410","0955_010601",955,18,35333,35633,13.351,29.414,0,3.584,0,0,0,0,0,0,0,0,0,2.59166618635953,3.38150474831642,-6.90775527898214,1.27675847405158,-6.90775527898214,-6.90775527898214,-6.90775527898214,-6.90775527898214,-6.90775527898214,-6.90775527898214,-6.90775527898214,-6.90775527898214,-6.90775527898214,16,36,0,4,0,0,0,0,0,0,0,0,0
"417","0969_000905",969,9,3477,3777,0,14.245,0,0,0,0,0,0,0,0,4.643,0.956,31.147,-6.90775527898214,2.65647616555616,-6.90775527898214,-6.90775527898214,-6.90775527898214,-6.90775527898214,-6.90775527898214,-6.90775527898214,-6.90775527898214,-6.90775527898214,1.53557606383565,-0.0439518875291828,3.43875003771474,0,33,0,0,0,0,0,0,0,0,5,1,30
"418","0969_000905",969,9,34077,34377,13.799,72.672,0,0,0,0,0,0,0,0,22.559,3.34,0,2.62466859216316,4.28596992628642,-6.90775527898214,-6.90775527898214,-6.90775527898214,-6.90775527898214,-6.90775527898214,-6.90775527898214,-6.90775527898214,-6.90775527898214,3.11617842662986,1.20627016337462,-6.90775527898214,12,60,0,0,0,0,0,0,0,0,18,6,0
"419","0969_000905",969,9,35577,35877,5.41,36.69,0,0,0,0,0,0,0,0,20.54,1.11,11.32,1.6884339186606,3.60253149337871,-6.90775527898214,-6.90775527898214,-6.90775527898214,-6.90775527898214,-6.90775527898214,-6.90775527898214,-6.90775527898214,-6.90775527898214,3.02242288880704,0.105260510657493,2.42665940809597,3,29,0,0,0,0,0,0,0,0,15,4,18
"426","0973_010603",973,18,7729,8029,43.765,19.481,7.703,1.079,0,0,0,0,0,0,11.935,0,31.35,3.77885726023217,2.96949096234876,2.04173967449582,0.0769610411361282,-6.90775527898214,-6.90775527898214,-6.90775527898214,-6.90775527898214,-6.90775527898214,-6.90775527898214,2.47955904346141,-6.90775527898214,3.44524616449684,30,27,4,2,0,0,0,0,0,0,8,0,31
"427","0973_010603",973,18,28129,28429,1.567,97.376,0,6.128,0,0,9.021,0,0,0,0.705,0,50.729,0.449800921928216,4.57859004313275,-6.90775527898214,1.81303160450359,-6.90775527898214,-6.90775527898214,2.1996660389862,-6.90775527898214,-6.90775527898214,-6.90775527898214,-0.348140041488895,-6.90775527898214,3.9265174515786,3,117,0,6,0,0,6,0,0,0,1,0,63
"428","0973_010603",973,18,30529,30829,21.745,26.404,0,1.205,0,0,0,0,0,0,14.945,0,55.786,3.07942983257556,3.2735533861589,-6.90775527898214,0.187309098304994,-6.90775527898214,-6.90775527898214,-6.90775527898214,-6.90775527898214,-6.90775527898214,-6.90775527898214,2.7044437055081,-6.90775527898214,4.021540867334,27,39,0,2,0,0,0,0,0,0,12,0,60
